camion_id,chauffeur,depot
CAM001,Marc Dubois,Liège
CAM002,Sophie Lambert,Charleroi
CAM003,Ahmed Martin,Namur
CAM004,Julie Dupont,Arlon
CAM005,Pierre Leroy,Arlon
CAM006,Fatima Simon,Charleroi
CAM007,Luc Mercier,Liège
CAM008,Elena Petit,Arlon
CAM009,Thomas Legrand,Liège
CAM010,Chloé Moreau,Namur
CAM011,Youssef Noël,Charleroi
CAM012,Marie Gilson,Namur
CAM013,David Henry,Charleroi
CAM014,Inès Bastin,Liège
CAM015,Antoine Collard,Charleroi
CAM016,Laura Thiry,Arlon
CAM017,Mehdi Renard,Liège
CAM018,Céline Dumont,Namur
CAM019,Nicolas Piret,Charleroi
CAM020,Sarah Lejeune,Namur
CAM021,Vincent Hubert,Namur
CAM022,Amina Servais,Arlon
CAM023,Olivier Delvaux,Liège
CAM024,Camille Georges,Namur
CAM025,Jonathan Massart,Liège
