nom,region
Bruxelles-Midi,Bruxelles
Bruxelles-Central,Bruxelles
Bruxelles-Nord,Bruxelles
Denderleeuw,Flandre
Gent-Sint-Pieters,Flandre
Brugge,Flandre
Oostende,Flandre
Mechelen,Flandre
Antwerpen-Centraal,Flandre
Sint-Niklaas,Flandre
Leuven,Flandre
Aarschot,Flandre
Hasselt,Flandre
Halle,Flandre
Kortrijk,Flandre
Liege-Guillemins,Wallonie
Verviers-Central,Wallonie
Welkenraedt,Wallonie
Namur,Wallonie
Ottignies,Wallonie
Ciney,Wallonie
Libramont,Wallonie
Arlon,Wallonie
Charleroi-Central,Wallonie
Braine-le-Comte,Wallonie
Mons,Wallonie
Tournai,Wallonie
Mouscron,Wallonie
Dinant,Wallonie
