depart,arrivee,ligne,distance_km
Bruxelles-Midi,Bruxelles-Central,0,2
Bruxelles-Central,Bruxelles-Nord,0,2
Bruxelles-Midi,Denderleeuw,50A,21
Denderleeuw,Gent-Sint-Pieters,50A,29
Gent-Sint-Pieters,Brugge,50A,45
Brugge,Oostende,50A,23
Bruxelles-Nord,Mechelen,25,24
Mechelen,Antwerpen-Centraal,25,23
Antwerpen-Centraal,Sint-Niklaas,59,24
Sint-Niklaas,Gent-Sint-Pieters,59,30
Bruxelles-Nord,Leuven,36,28
Leuven,Liege-Guillemins,36,66
Leuven,Aarschot,35,16
Aarschot,Hasselt,35,35
Hasselt,Liege-Guillemins,34,42
Liege-Guillemins,Verviers-Central,37,24
Verviers-Central,Welkenraedt,37,13
Liege-Guillemins,Namur,125,61
Bruxelles-Nord,Ottignies,161,30
Ottignies,Namur,161,36
Namur,Ciney,162,31
Ciney,Libramont,162,63
Libramont,Arlon,162,51
Namur,Charleroi-Central,130,38
Bruxelles-Midi,Charleroi-Central,124,56
Bruxelles-Midi,Braine-le-Comte,96,34
Braine-le-Comte,Mons,96,28
Bruxelles-Midi,Halle,94,14
Halle,Tournai,94,64
Gent-Sint-Pieters,Kortrijk,75,44
Kortrijk,Mouscron,75,20
Brugge,Kortrijk,66,50
Namur,Dinant,154,28
