camion_id,vitesse,temp_moteur
CAM021,95.6,97.5
CAM008,81.8,102.5
CAM022,77.0,76.7
CAM019,75.0,89.0
CAM007,80.1,100.1
CAM018,84.4,100.4
CAM018,64.6,92.8
CAM009,78.6,87.0
CAM006,73.9,80.2
CAM005,83.1,102.9
CAM004,83.3,90.2
CAM012,57.8,78.1
CAM024,71.0,89.2
CAM013,88.3,91.6
CAM021,57.5,75.9
CAM019,79.9,91.2
CAM022,79.6,95.4
CAM003,95.3,73.8
CAM013,74.5,100.6
CAM012,84.8,95.2
CAM022,74.5,109.0
CAM021,95.9,93.5
CAM018,76.9,82.7
CAM013,74.0,108.3
CAM023,58.1,83.2
CAM025,79.6,81.6
CAM002,82.8,79.4
CAM003,86.1,108.9
CAM023,69.9,100.1
CAM013,93.0,79.4
CAM005,77.0,94.7
CAM018,55.5,84.4
CAM014,89.3,82.6
CAM008,85.6,87.9
CAM016,81.7,89.5
CAM004,82.7,92.4
CAM022,73.5,89.5
CAM013,65.0,82.3
CAM009,105.3,84.8
CAM001,75.1,84.0
CAM018,78.1,72.6
CAM011,89.4,94.2
CAM015,100.4,88.3
CAM024,76.6,98.6
CAM006,71.4,87.8
CAM021,72.0,100.3
CAM020,82.3,96.3
CAM006,54.4,84.2
CAM017,94.5,82.0
CAM016,110.0,90.5
CAM010,78.7,94.7
CAM019,83.6,86.8
CAM016,93.6,65.2
CAM018,78.7,83.3
CAM016,85.9,86.2
CAM017,88.2,81.2
CAM007,99.2,81.5
CAM023,81.7,95.4
CAM022,69.2,80.2
CAM017,67.9,90.0
CAM003,68.2,98.2
CAM008,76.6,87.4
CAM023,71.1,83.2
CAM002,81.4,85.3
CAM008,75.1,98.2
CAM018,100.1,103.6
CAM019,68.7,84.9
CAM016,81.2,82.5
CAM004,70.9,80.9
CAM014,55.9,91.0
CAM022,66.5,77.3
CAM002,67.6,92.7
CAM004,78.1,93.8
CAM015,83.7,92.4
CAM015,78.0,108.4
CAM015,87.8,71.4
CAM004,128.6,98.7
CAM001,109.4,84.0
CAM008,86.1,97.0
CAM007,97.9,73.4
CAM006,48.5,106.0
CAM009,100.0,81.0
CAM010,46.9,98.5
CAM018,69.5,79.2
CAM007,67.3,110.7
CAM019,77.6,84.8
CAM011,95.4,92.2
CAM017,93.1,82.6
CAM002,83.5,87.1
CAM006,82.8,89.4
CAM008,50.5,100.2
CAM019,78.4,100.1
CAM020,95.8,94.5
CAM019,45.6,85.0
CAM007,72.1,81.2
CAM009,61.4,96.2
CAM010,47.0,93.5
CAM003,97.5,88.7
CAM019,83.5,87.9
CAM007,70.5,87.8
CAM012,99.1,75.4
CAM012,74.7,97.4
CAM018,72.5,76.1
CAM021,57.6,85.6
CAM018,71.7,100.6
CAM005,75.3,106.8
CAM024,67.5,85.6
CAM020,81.1,96.0
CAM022,70.7,82.7
CAM016,77.8,107.7
CAM002,90.3,93.2
CAM009,90.1,90.2
CAM005,70.9,82.7
CAM024,57.6,93.0
CAM018,83.5,88.2
CAM023,92.5,81.6
CAM012,71.1,85.5
CAM005,90.9,90.2
CAM002,85.7,84.3
CAM008,71.5,80.7
CAM018,88.7,81.9
CAM020,77.9,67.5
CAM008,103.2,69.5
CAM006,80.3,86.6
CAM024,99.7,80.8
CAM014,87.0,71.0
CAM008,75.4,103.7
CAM004,75.1,89.7
CAM016,82.4,104.3
CAM015,62.8,101.5
CAM008,81.5,101.0
CAM013,64.8,103.9
CAM025,74.4,100.7
CAM013,66.4,72.3
CAM011,84.4,86.3
CAM009,93.6,108.8
CAM009,96.3,90.9
CAM012,76.4,80.3
CAM020,84.9,87.6
CAM019,79.6,90.5
CAM014,109.9,88.2
CAM018,65.2,68.3
CAM024,71.6,80.5
CAM003,107.9,81.6
CAM020,67.4,104.1
CAM024,91.5,81.7
CAM022,66.1,93.0
CAM010,69.4,86.0
CAM022,97.6,83.0
CAM006,69.1,82.9
CAM018,84.0,81.4
CAM007,61.3,93.1
CAM021,71.4,96.7
CAM022,81.6,97.9
CAM024,80.8,91.3
CAM017,68.0,77.3
CAM003,87.7,74.4
CAM022,68.6,103.2
CAM005,88.4,89.0
CAM016,59.7,78.1
CAM015,61.0,94.5
CAM007,75.3,79.3
CAM013,78.8,101.1
CAM001,99.7,76.8
CAM004,79.7,81.8
CAM023,73.5,87.7
CAM008,84.2,85.7
CAM005,84.6,75.3
CAM018,49.7,75.6
CAM015,61.0,78.7
CAM017,50.7,96.7
CAM015,96.4,79.1
CAM016,55.8,92.6
CAM021,73.9,103.4
CAM016,70.2,82.8
CAM003,75.7,81.6
CAM011,70.6,98.2
CAM005,86.0,95.2
CAM005,76.6,84.8
CAM014,70.4,96.8
CAM002,81.9,97.1
CAM025,59.4,81.0
CAM025,63.8,83.3
CAM012,73.8,96.5
CAM014,55.8,84.5
CAM020,91.0,81.8
CAM009,74.9,88.9
CAM011,65.8,73.9
CAM024,86.0,96.7
CAM005,95.2,86.7
CAM013,60.7,80.8
CAM003,73.3,84.2
CAM015,82.5,94.4
CAM011,81.0,95.8
CAM025,86.2,83.0
CAM014,77.9,91.7
CAM001,78.0,85.1
CAM012,78.9,91.3
CAM021,81.4,88.6
CAM008,78.9,89.7
CAM005,79.1,98.2
CAM004,69.0,85.5
CAM023,77.5,96.6
CAM020,59.8,78.7
CAM004,79.5,82.7
CAM010,80.5,89.3
CAM010,50.8,79.0
CAM013,60.3,96.6
CAM003,55.9,78.7
CAM008,97.3,97.3
CAM022,72.3,85.3
CAM019,80.6,79.9
CAM014,75.2,85.1
CAM021,63.2,102.7
CAM016,106.1,102.1
CAM021,90.1,81.7
CAM005,57.1,93.8
CAM021,74.8,104.2
CAM018,80.4,78.1
CAM024,67.7,83.6
CAM008,80.9,84.7
CAM015,78.6,98.1
CAM020,71.8,80.9
CAM016,83.3,83.4
CAM007,71.4,93.5
CAM009,93.9,78.4
CAM009,62.1,84.3
CAM007,97.2,95.4
CAM016,68.2,85.7
CAM016,68.1,79.7
CAM001,86.3,91.5
CAM023,78.9,101.3
CAM012,61.0,89.9
CAM014,95.7,87.8
CAM012,74.8,81.2
CAM009,80.7,102.3
CAM011,90.7,95.6
CAM025,74.6,82.5
CAM024,55.6,89.4
CAM025,66.7,86.9
CAM004,83.8,81.4
CAM012,79.0,89.4
CAM018,81.0,90.0
CAM002,57.6,83.4
CAM005,62.8,76.5
CAM004,90.7,79.6
CAM016,65.3,89.1
CAM002,77.6,105.9
CAM004,84.2,79.8
CAM003,59.1,81.6
CAM005,88.7,97.3
CAM010,87.1,91.5
CAM018,79.7,75.8
CAM020,80.6,98.8
CAM015,87.9,83.9
CAM019,89.9,87.5
CAM020,111.0,96.4
CAM004,87.0,86.0
CAM007,77.5,91.7
CAM008,80.5,91.2
CAM001,60.0,95.5
CAM016,75.4,94.3
CAM023,72.3,105.5
CAM003,65.8,69.1
CAM021,56.6,79.3
CAM007,62.3,93.1
CAM021,84.5,93.7
CAM005,85.6,90.4
CAM010,56.4,78.6
CAM010,63.4,91.8
CAM010,67.6,67.5
CAM017,63.4,85.6
CAM020,92.4,90.4
CAM011,75.5,86.8
CAM008,103.9,83.9
CAM019,75.6,87.0
CAM025,72.8,81.7
CAM002,78.7,82.4
CAM017,59.9,71.7
CAM006,93.0,87.8
CAM016,93.5,86.0
CAM014,67.6,99.6
CAM006,67.6,100.1
CAM010,70.6,80.2
CAM025,63.3,84.9
CAM011,77.9,92.5
CAM025,64.1,94.1
CAM001,68.4,78.6
CAM014,94.0,91.6
CAM020,78.8,75.4
CAM025,88.5,90.3
CAM005,91.5,83.8
CAM023,74.6,88.2
CAM021,70.0,83.8
CAM006,77.1,89.4
CAM014,114.4,103.5
CAM004,71.2,89.1
CAM005,55.8,88.1
CAM017,74.0,79.0
CAM016,88.4,87.2
CAM018,83.6,92.6
CAM020,49.2,87.0
CAM003,73.9,103.7
CAM014,64.8,101.4
CAM009,82.9,81.4
CAM010,87.6,77.9
CAM022,70.1,88.3
CAM018,65.5,88.8
CAM025,63.1,85.3
CAM011,104.9,69.5
CAM008,68.8,85.1
CAM025,67.6,92.2
CAM016,70.9,72.2
CAM013,102.8,86.8
CAM021,94.3,86.7
CAM002,103.5,104.6
CAM011,97.5,74.6
CAM015,102.9,99.6
CAM001,75.5,78.9
CAM021,83.4,87.3
CAM009,66.6,99.7
CAM021,88.9,91.9
CAM022,86.7,81.2
CAM011,57.5,74.5
CAM016,80.6,86.3
CAM003,80.0,101.6
CAM010,101.2,87.8
CAM014,101.4,85.9
CAM023,88.6,81.0
CAM023,77.0,90.1
CAM011,81.3,80.8
CAM012,68.5,90.8
CAM014,55.3,81.6
CAM006,86.7,99.0
CAM013,70.4,83.4
CAM019,87.7,95.8
CAM009,57.9,91.4
CAM015,95.1,80.1
CAM006,108.2,97.7
CAM019,67.1,109.9
CAM023,78.0,105.4
CAM007,105.4,87.9
CAM004,79.5,99.7
CAM019,71.8,101.4
CAM001,98.3,86.2
CAM009,106.0,88.9
CAM025,77.9,85.1
CAM020,77.2,71.0
CAM010,79.6,81.6
CAM012,79.8,93.7
CAM009,68.2,75.1
CAM022,74.8,83.6
CAM004,94.6,80.6
CAM010,78.9,85.7
CAM012,77.3,84.1
CAM010,71.3,96.3
CAM007,89.8,96.3
CAM012,47.6,84.2
CAM006,76.9,104.8
CAM016,89.5,86.5
CAM011,83.3,78.5
CAM003,101.1,106.1
CAM022,71.7,63.2
CAM018,61.5,99.9
CAM001,77.3,92.6
CAM012,68.3,76.1
CAM019,63.4,96.7
CAM012,85.9,92.1
CAM001,53.5,73.3
CAM011,86.5,84.8
CAM003,67.7,80.4
CAM023,73.4,96.7
CAM005,81.7,88.7
CAM016,85.6,92.4
CAM018,88.1,95.5
CAM022,98.5,83.7
CAM018,57.9,95.2
CAM005,93.4,79.3
CAM016,53.2,73.9
CAM009,91.2,89.8
CAM015,68.3,90.2
CAM012,95.3,96.0
CAM018,94.4,80.5
CAM002,70.7,91.5
CAM004,102.8,82.7
CAM003,67.5,77.0
CAM020,82.4,87.5
CAM011,78.3,92.7
CAM019,85.3,104.3
CAM018,80.6,94.1
CAM008,74.3,92.5
CAM020,105.7,88.3
CAM005,95.4,87.1
CAM006,99.7,99.5
CAM005,102.6,89.5
CAM008,75.9,87.1
CAM009,99.8,92.8
CAM017,81.8,90.1
CAM015,80.9,77.4
CAM004,68.5,89.9
CAM020,101.6,92.2
CAM022,62.6,86.7
CAM001,92.8,91.8
CAM013,72.0,89.9
CAM023,82.6,86.1
CAM003,74.5,92.6
CAM005,74.9,100.6
CAM018,74.8,79.4
CAM020,62.9,86.1
CAM020,55.5,94.8
CAM004,90.2,77.6
CAM025,51.4,82.3
CAM014,68.4,89.9
CAM011,84.6,80.0
CAM024,90.2,93.3
CAM022,76.9,110.3
CAM022,82.6,86.4
CAM003,83.3,90.2
CAM024,72.9,91.4
CAM002,62.6,82.0
CAM011,71.1,79.9
CAM022,91.7,84.6
CAM024,88.9,90.4
CAM010,67.0,97.5
CAM007,87.1,96.5
CAM004,67.5,97.3
CAM004,79.4,76.3
CAM014,99.4,67.8
CAM020,62.8,79.5
CAM001,62.1,79.7
CAM023,77.0,93.6
CAM023,80.5,67.8
CAM012,106.3,88.7
CAM019,75.1,85.1
CAM024,75.7,86.3
CAM024,64.6,86.3
CAM015,70.7,95.3
CAM024,63.0,107.1
CAM020,82.0,89.5
CAM006,78.1,85.1
CAM003,75.1,101.1
CAM016,66.7,82.2
CAM007,78.2,83.6
CAM014,94.2,96.7
CAM019,57.3,89.1
CAM002,85.4,113.5
CAM002,89.8,88.4
CAM007,80.6,72.8
CAM010,77.2,89.0
CAM024,71.3,90.0
CAM018,73.3,77.8
CAM022,79.9,84.7
CAM024,80.6,88.5
CAM003,89.9,79.0
CAM019,61.5,95.3
CAM010,80.2,89.2
CAM011,94.0,107.3
CAM015,93.5,70.4
CAM003,71.9,89.6
CAM014,63.5,82.2
CAM013,93.9,77.2
CAM008,73.8,92.7
CAM017,66.5,79.8
CAM007,88.8,83.3
CAM024,97.5,84.6
CAM005,78.7,93.0
CAM007,81.7,92.6
CAM025,73.1,83.3
CAM025,67.2,80.8
CAM019,78.9,78.2
CAM019,52.4,67.3
CAM011,90.9,78.5
CAM005,63.4,91.7
CAM021,74.3,94.8
CAM002,74.7,90.8
CAM015,73.4,88.9
CAM010,102.8,96.3
CAM003,65.5,80.9
CAM015,47.6,77.2
CAM024,90.1,82.0
CAM019,70.9,81.5
CAM016,42.8,87.8
CAM015,101.9,99.7
CAM011,83.8,87.6
CAM021,82.9,94.0
CAM015,95.0,87.4
CAM020,85.3,95.3
CAM010,59.6,98.1
CAM022,57.8,78.8
CAM021,71.6,94.9
CAM018,73.0,81.4
CAM024,99.5,69.3
CAM020,86.8,82.2
CAM019,61.9,70.8
CAM010,99.2,85.2
CAM013,93.2,98.2
CAM003,73.0,96.1
CAM011,86.1,75.6
CAM024,108.9,87.6
CAM003,69.1,80.5
CAM012,90.0,88.9
CAM007,65.0,100.9
CAM007,79.1,92.8
CAM003,71.0,103.2
CAM017,81.5,71.1
CAM017,90.3,89.9
CAM025,64.1,79.8
CAM005,91.8,102.5
CAM025,56.6,74.3
CAM024,64.7,91.5
CAM022,71.0,64.6
CAM020,72.9,102.6
CAM015,79.0,94.6
CAM016,85.6,84.6
CAM022,116.2,79.5
CAM015,81.0,72.5
CAM017,42.1,84.0
CAM007,80.4,83.3
CAM009,93.2,91.3
CAM012,71.9,86.6
CAM017,84.8,82.1
CAM025,86.2,96.3
CAM017,87.0,95.7
CAM008,89.8,70.9
CAM001,65.9,92.6
CAM012,82.0,116.9
CAM012,80.0,95.8
CAM004,88.8,77.0
CAM005,85.5,93.6
CAM016,75.5,83.4
CAM023,59.0,90.4
CAM003,87.7,88.7
CAM005,56.5,83.6
CAM017,56.5,95.2
CAM008,76.6,90.7
CAM014,65.4,78.4
CAM003,101.3,100.5
CAM020,58.7,85.1
CAM019,78.4,93.0
CAM014,91.1,88.1
CAM019,60.1,94.7
CAM003,64.9,86.7
CAM017,54.3,83.7
CAM017,64.9,85.0
CAM016,91.3,90.4
CAM012,77.9,89.6
CAM003,65.2,100.1
CAM021,92.7,95.2
CAM025,75.9,90.4
CAM018,67.4,99.0
CAM025,62.3,64.8
CAM016,60.7,75.9
CAM003,70.9,66.9
CAM002,76.9,90.6
CAM007,87.2,82.8
CAM010,36.1,85.4
CAM018,74.2,88.4
CAM021,82.8,95.9
CAM025,97.5,91.9
CAM009,87.5,94.1
CAM013,76.8,68.9
CAM013,73.2,92.9
CAM023,46.2,88.3
CAM017,77.4,91.7
CAM014,94.7,93.8
CAM006,66.2,85.8
CAM003,72.5,94.6
CAM015,66.2,82.3
CAM023,63.7,91.4
CAM024,86.9,81.9
CAM014,72.0,112.9
CAM002,95.8,93.8
CAM012,54.8,86.8
CAM006,85.4,86.5
CAM020,71.4,79.3
CAM005,100.2,94.4
CAM012,55.8,104.8
CAM002,61.3,79.7
CAM012,61.5,99.0
CAM019,86.7,94.6
CAM011,71.7,82.5
CAM004,86.9,88.9
CAM017,64.4,95.5
CAM009,81.4,74.1
CAM007,89.5,87.8
CAM016,80.3,92.6
CAM003,49.4,93.7
CAM015,103.5,87.7
CAM011,67.1,75.7
CAM018,49.5,83.0
CAM006,70.4,68.0
CAM021,84.1,95.6
CAM008,84.8,92.2
CAM005,79.4,98.5
CAM012,65.3,85.1
CAM018,97.9,101.6
CAM003,57.9,121.1
CAM024,63.7,89.2
CAM014,80.4,84.8
CAM011,68.4,80.3
CAM022,70.7,87.5
CAM025,60.3,84.2
CAM025,92.6,86.0
CAM002,86.3,78.5
CAM010,84.3,94.8
CAM023,83.2,109.6
CAM017,99.4,77.3
CAM009,89.6,109.3
CAM009,86.4,93.4
CAM018,94.7,95.1
CAM019,85.6,86.1
CAM022,56.6,74.3
CAM011,87.9,78.3
CAM001,107.8,98.7
CAM025,60.0,81.9
CAM025,60.5,82.5
CAM001,58.3,88.2
CAM010,70.5,82.1
CAM008,85.2,75.1
CAM010,57.5,92.0
CAM006,63.0,91.8
CAM007,73.8,92.2
CAM023,60.4,112.3
CAM012,85.3,87.3
CAM012,71.4,87.6
CAM008,67.2,89.5
CAM008,80.9,90.2
CAM013,87.6,80.9
CAM006,90.7,68.7
CAM024,68.9,102.1
CAM016,93.7,87.7
CAM010,71.9,88.1
CAM013,41.5,87.2
CAM007,74.2,86.6
CAM010,49.1,88.6
CAM021,72.6,81.5
CAM001,86.5,80.2
CAM009,74.6,72.9
CAM012,82.4,88.8
CAM018,84.1,98.7
CAM003,66.4,94.4
CAM018,70.2,114.6
CAM022,72.4,85.0
CAM004,58.4,97.9
CAM011,65.5,84.9
CAM005,83.3,98.2
CAM017,81.8,88.6
CAM023,70.1,96.8
CAM015,95.6,103.3
CAM005,68.9,98.9
CAM006,62.8,95.8
CAM010,64.1,82.1
CAM017,56.5,85.1
CAM010,75.5,88.3
CAM011,60.0,65.7
CAM019,67.4,106.0
CAM023,65.0,79.2
CAM009,101.9,84.8
CAM025,69.1,84.9
CAM002,70.6,85.2
CAM021,73.6,72.7
CAM013,90.7,98.9
CAM002,58.5,81.8
CAM007,90.1,88.9
CAM005,69.9,91.2
CAM017,82.9,68.0
CAM024,74.9,74.1
CAM017,81.3,95.7
CAM022,64.5,89.2
CAM006,61.3,90.8
CAM018,63.3,100.3
CAM024,67.4,73.3
CAM009,71.0,84.2
CAM008,75.9,95.5
CAM010,80.9,74.1
CAM023,74.6,80.5
CAM012,47.6,80.2
CAM024,77.0,92.5
CAM022,49.3,82.9
CAM013,92.5,67.7
CAM005,75.1,95.2
CAM023,105.9,97.7
CAM021,77.4,98.3
CAM007,83.2,81.7
CAM018,75.5,83.4
CAM020,77.4,81.4
CAM002,69.7,78.3
CAM021,78.7,92.1
CAM011,76.7,83.9
CAM025,101.5,105.7
CAM006,50.7,99.6
CAM016,68.8,88.8
CAM010,69.3,99.7
CAM025,93.5,94.3
CAM018,76.1,70.5
CAM002,85.4,85.1
CAM006,81.5,87.0
CAM013,80.1,82.4
CAM024,109.1,83.2
CAM002,96.1,88.7
CAM004,89.4,84.5
CAM015,95.5,87.2
CAM016,83.8,84.9
CAM017,69.0,89.2
CAM004,67.0,100.8
CAM021,77.6,93.8
CAM024,71.9,94.4
CAM022,78.4,82.4
CAM021,98.9,77.8
CAM017,71.3,96.0
CAM004,81.1,92.5
CAM011,79.5,87.6
CAM013,80.1,103.0
CAM011,70.8,101.7
CAM001,77.0,96.5
CAM008,84.5,89.7
CAM010,89.5,99.6
CAM023,80.7,74.3
CAM021,88.1,84.2
CAM020,84.4,110.2
CAM016,91.3,100.3
CAM020,62.7,98.0
CAM016,79.2,71.8
CAM007,79.6,74.4
CAM020,82.0,85.3
CAM015,64.9,86.5
CAM019,98.0,99.0
CAM017,83.1,98.7
CAM006,70.0,97.6
CAM004,68.6,75.1
CAM016,92.1,93.8
CAM002,61.9,91.1
CAM015,61.5,83.5
CAM022,85.9,74.5
CAM013,78.0,88.7
CAM007,74.2,86.7
CAM012,72.6,77.3
CAM002,82.9,86.6
CAM016,92.1,89.8
CAM025,91.2,97.7
CAM024,69.1,80.5
CAM013,48.4,94.4
CAM013,62.9,97.6
CAM022,83.3,84.6
CAM012,110.3,107.2
CAM013,55.8,85.4
CAM008,90.0,75.0
CAM010,56.3,91.3
CAM014,52.5,84.7
CAM008,70.1,89.3
CAM007,98.8,82.5
CAM004,98.1,90.7
CAM020,80.9,69.4
CAM001,78.3,91.4
CAM020,96.5,90.5
CAM023,85.3,83.1
CAM002,69.6,91.8
CAM007,78.7,72.4
CAM005,66.4,87.8
CAM024,61.7,82.6
CAM025,72.2,81.0
CAM010,107.1,69.6
CAM017,80.1,95.5
CAM002,60.4,83.8
CAM024,94.7,81.3
CAM014,73.9,87.0
CAM012,97.5,83.2
CAM017,71.9,96.5
CAM005,75.2,93.5
CAM018,51.1,90.9
CAM010,82.9,84.1
CAM015,93.5,82.1
CAM014,71.0,86.3
CAM008,77.6,96.1
CAM003,102.0,79.8
CAM003,52.3,84.2
CAM002,75.6,101.4
CAM020,83.3,88.9
CAM025,60.2,81.0
CAM007,50.0,90.3
CAM011,67.9,106.6
CAM007,111.1,79.1
CAM004,77.5,72.9
CAM008,70.7,74.8
CAM013,93.3,82.2
CAM025,74.8,97.9
CAM021,71.1,93.4
CAM017,89.6,81.2
CAM024,51.7,91.3
CAM007,68.0,94.8
CAM019,93.1,76.8
CAM001,75.8,109.0
CAM019,75.8,80.6
CAM007,71.4,95.7
CAM008,57.6,88.1
CAM022,65.6,101.0
CAM016,97.6,85.3
CAM016,55.9,91.6
CAM012,88.9,100.6
CAM016,89.8,105.3
CAM021,94.4,85.1
CAM003,97.6,83.5
CAM025,85.6,88.2
CAM021,80.6,102.0
CAM001,81.0,97.7
CAM002,62.7,79.0
CAM020,95.5,81.1
CAM001,95.7,88.5
CAM001,100.3,89.5
CAM018,80.6,87.8
CAM023,66.3,73.5
CAM006,82.9,90.5
CAM005,79.1,100.5
CAM009,82.4,81.5
CAM013,109.1,98.8
CAM015,38.9,77.1
CAM008,69.9,104.1
CAM003,62.3,73.4
CAM025,92.0,89.8
CAM013,73.5,87.0
CAM001,76.3,84.4
CAM014,70.3,81.6
CAM004,102.8,75.6
CAM008,84.8,105.6
CAM019,73.7,88.4
CAM003,73.5,81.3
CAM018,74.7,87.1
CAM011,87.5,88.6
CAM005,78.3,73.8
CAM013,88.6,84.7
CAM019,79.6,105.0
CAM013,70.3,77.9
CAM013,78.3,83.1
CAM023,75.3,77.5
CAM012,92.2,91.2
CAM003,65.1,101.0
CAM020,58.8,97.4
CAM001,61.7,76.2
CAM015,64.9,88.5
CAM013,58.8,93.6
CAM022,60.4,98.6
CAM010,84.6,74.4
CAM003,76.5,96.7
CAM021,85.9,95.4
CAM012,79.1,88.6
CAM010,55.7,93.2
CAM004,84.1,92.3
CAM015,62.3,84.2
CAM004,90.9,89.4
CAM003,57.9,79.0
CAM013,92.4,88.7
CAM025,104.0,97.8
CAM008,70.3,85.6
CAM013,83.4,94.2
CAM009,72.9,88.1
CAM014,76.1,95.5
CAM003,56.4,104.6
CAM024,64.7,79.5
CAM007,70.7,89.3
CAM001,89.9,85.4
CAM020,57.7,100.3
CAM015,64.9,102.3
CAM021,85.5,87.2
CAM011,60.8,79.6
CAM016,63.8,109.4
CAM011,72.4,101.4
CAM016,101.9,84.8
CAM011,59.6,99.6
CAM013,56.5,103.7
CAM007,63.3,81.8
CAM022,78.4,85.9
CAM024,56.7,91.4
CAM015,85.8,71.8
CAM003,88.5,73.4
CAM014,74.4,83.6
CAM010,79.0,101.2
CAM023,65.9,92.1
CAM015,94.0,87.4
CAM013,47.0,83.6
CAM023,74.7,89.2
CAM012,70.3,72.3
CAM020,74.2,85.1
CAM025,78.2,101.3
CAM006,75.5,85.8
CAM021,71.8,79.8
CAM025,65.8,102.0
CAM004,88.8,88.5
CAM017,77.6,76.5
CAM023,64.5,83.5
CAM013,57.4,91.1
CAM023,65.1,88.0
CAM001,66.4,88.8
CAM003,102.8,102.3
CAM005,70.6,94.7
CAM007,65.2,86.9
CAM004,58.0,93.3
CAM011,81.9,89.1
CAM023,98.4,99.6
CAM021,97.4,98.2
CAM024,78.3,93.6
CAM006,70.8,96.3
CAM015,79.6,97.1
CAM006,86.0,100.1
CAM013,97.0,90.3
CAM007,63.9,91.0
CAM001,75.3,82.1
CAM025,70.8,72.6
CAM019,100.8,98.9
CAM006,71.8,92.5
CAM004,75.8,105.9
CAM017,89.9,86.3
CAM013,63.8,80.3
CAM012,68.7,96.0
CAM006,86.5,75.0
CAM010,94.3,82.1
CAM022,82.7,91.4
CAM010,88.0,93.8
CAM005,63.5,87.4
CAM005,64.9,83.7
CAM016,63.8,77.6
CAM021,85.8,85.7
CAM006,70.3,88.3
CAM011,88.6,77.5
CAM012,93.4,84.9
CAM007,92.4,66.7
CAM017,69.8,80.4
CAM016,54.9,96.7
CAM016,87.0,98.1
CAM025,78.7,90.3
CAM008,69.7,86.7
CAM015,55.9,81.8
CAM016,71.5,86.6
CAM004,76.0,99.2
CAM012,55.3,84.0
CAM025,74.6,76.9
CAM014,99.1,98.2
CAM025,78.4,106.3
CAM002,65.7,90.6
CAM003,36.5,98.7
CAM025,81.6,82.3
CAM024,66.9,83.6
CAM023,66.6,81.9
CAM020,84.1,92.7
CAM007,84.2,77.0
CAM018,74.6,99.0
CAM011,89.5,87.0
CAM019,75.0,105.7
CAM022,81.0,83.5
CAM025,85.0,68.3
CAM009,82.9,84.5
CAM005,78.0,102.2
CAM008,79.5,74.5
CAM016,90.4,97.9
CAM021,64.8,93.1
CAM021,84.6,73.2
CAM013,66.7,87.3
CAM012,62.5,90.9
CAM019,102.1,88.2
CAM024,109.2,101.3
CAM021,71.2,80.7
CAM003,82.0,79.3
CAM014,85.4,78.6
CAM011,84.0,80.8
CAM019,96.7,100.9
CAM011,96.7,78.6
CAM002,97.9,97.2
CAM015,110.1,90.1
CAM006,77.5,88.1
CAM014,84.3,101.1
CAM005,86.8,82.9
CAM009,89.0,92.7
CAM003,57.0,102.0
CAM006,96.6,92.0
CAM024,74.8,81.8
CAM021,83.3,90.2
CAM007,70.6,88.7
CAM008,62.9,86.8
CAM001,69.3,72.4
CAM014,72.5,78.4
CAM008,61.2,97.8
CAM004,88.7,93.2
CAM010,93.7,99.8
CAM025,92.1,78.9
CAM022,88.7,96.7
CAM001,71.6,84.6
CAM012,74.6,75.5
CAM005,95.0,82.0
CAM015,81.8,85.0
CAM004,82.6,91.6
CAM024,51.2,103.4
CAM011,80.7,81.4
CAM021,93.3,93.8
CAM020,75.9,80.7
CAM023,104.7,90.9
CAM010,83.3,99.8
CAM007,77.8,80.5
CAM002,83.2,72.4
CAM008,71.2,88.1
CAM016,74.5,85.4
CAM001,110.5,86.3
CAM005,57.7,99.2
CAM014,63.9,98.2
CAM025,37.3,92.8
CAM003,83.2,88.4
CAM009,84.8,107.9
CAM013,58.3,87.5
CAM017,79.6,78.6
CAM013,93.1,93.5
CAM020,81.4,91.1
CAM003,68.6,87.6
CAM005,64.4,86.0
CAM021,79.7,75.0
CAM021,97.8,93.6
CAM024,87.9,86.1
CAM008,90.8,93.0
CAM015,74.4,86.0
CAM022,76.8,73.2
CAM004,85.6,88.4
CAM001,95.8,107.1
CAM017,52.1,86.2
CAM009,81.6,92.1
CAM025,93.9,77.6
CAM004,78.5,85.8
CAM014,77.3,91.2
CAM023,97.4,86.0
CAM016,65.3,90.4
CAM016,83.4,83.8
CAM006,77.8,92.2
CAM019,74.8,84.0
CAM024,73.8,87.9
CAM001,78.5,98.2
CAM013,85.7,85.3
CAM002,48.7,81.5
CAM024,72.4,82.7
CAM008,58.7,95.2
CAM009,86.4,77.6
CAM004,47.8,87.8
CAM006,80.8,98.7
CAM002,83.1,87.0
CAM015,94.1,76.4
CAM010,69.7,98.1
CAM001,70.1,93.5
CAM010,77.3,81.3
CAM012,64.3,82.3
CAM025,81.7,73.6
CAM018,78.7,81.3
CAM001,80.8,87.2
CAM018,62.7,102.2
CAM001,78.7,87.9
CAM022,61.7,98.3
CAM010,91.7,94.7
CAM008,46.7,99.1
CAM005,76.5,84.1
CAM008,91.5,81.4
CAM023,90.3,81.9
CAM024,83.4,90.1
CAM005,68.9,81.2
CAM019,64.4,84.0
CAM005,78.9,95.0
CAM011,90.5,84.0
CAM024,70.9,96.8
CAM008,86.4,90.7
CAM025,78.8,83.7
CAM004,86.0,96.7
CAM014,87.6,93.8
CAM025,81.2,95.5
CAM009,81.7,84.9
CAM022,70.7,101.2
CAM020,103.8,92.3
CAM011,91.2,99.4
CAM012,74.5,89.7
CAM010,75.3,115.5
CAM001,104.3,82.8
CAM018,77.9,81.2
CAM015,98.0,97.6
CAM004,104.3,89.3
CAM008,95.8,100.3
CAM012,65.1,68.5
CAM003,68.6,84.6
CAM003,83.1,88.4
CAM021,71.1,89.6
CAM011,102.0,103.0
CAM002,87.0,98.2
CAM024,75.3,89.3
CAM022,66.3,91.7
CAM006,75.6,97.7
CAM005,97.0,90.7
CAM008,68.1,79.5
CAM018,72.1,88.5
CAM013,84.1,92.6
CAM017,78.2,116.8
CAM018,89.7,61.9
CAM023,66.9,96.7
CAM016,67.9,97.7
CAM011,71.3,91.7
CAM011,75.2,86.7
CAM025,73.1,104.1
CAM016,54.5,85.2
CAM008,84.3,87.3
CAM022,79.0,99.1
CAM024,122.1,98.4
CAM008,42.6,76.3
CAM013,61.6,101.6
CAM006,86.4,98.8
CAM024,68.0,69.1
CAM001,74.2,80.0
CAM019,61.4,83.5
CAM007,91.2,74.0
CAM016,69.6,86.5
CAM002,86.6,91.5
CAM008,93.8,89.3
CAM011,86.2,85.0
CAM005,73.3,92.7
CAM011,85.4,89.9
CAM023,99.0,80.3
CAM017,100.8,70.4
CAM012,72.2,75.3
CAM019,87.6,92.5
CAM005,100.5,85.8
CAM014,87.3,65.9
CAM021,69.0,100.9
CAM018,66.8,68.6
CAM012,81.1,99.8
CAM006,61.6,98.1
CAM010,93.8,98.4
CAM023,91.2,85.2
CAM025,81.5,87.5
CAM020,67.4,102.9
CAM020,81.3,99.4
CAM016,92.7,99.5
CAM008,71.0,94.5
CAM021,82.5,85.4
CAM023,67.1,75.2
CAM011,67.6,90.3
CAM008,73.5,80.2
CAM004,77.2,85.2
CAM015,74.0,64.4
CAM014,64.4,88.4
CAM018,59.4,99.9
CAM019,65.6,76.9
CAM006,54.1,92.9
CAM002,74.6,95.6
CAM004,85.6,90.5
CAM013,80.9,91.0
CAM003,56.7,110.3
CAM016,73.8,78.8
CAM021,93.0,104.3
CAM006,89.9,90.7
CAM007,63.0,94.2
CAM024,58.1,84.7
CAM010,78.3,90.9
CAM019,62.5,84.8
CAM002,68.5,95.3
CAM010,86.8,76.7
CAM016,79.0,90.0
CAM006,53.1,69.1
CAM016,84.7,81.6
CAM013,48.8,91.5
CAM009,92.7,94.1
CAM006,68.5,94.4
CAM006,67.7,90.4
CAM015,75.8,105.1
CAM019,99.7,93.7
CAM022,95.1,95.6
CAM018,57.8,95.8
CAM008,52.7,82.3
CAM017,62.9,93.5
CAM016,68.8,85.1
CAM010,104.6,97.2
CAM023,95.8,90.5
CAM017,84.6,75.1
CAM020,98.5,105.6
CAM015,96.8,111.0
CAM007,80.6,83.6
CAM014,96.7,94.5
CAM007,97.7,87.8
CAM020,76.5,107.8
CAM003,93.2,94.0
CAM018,72.8,94.4
CAM015,79.9,87.3
CAM023,65.8,80.4
CAM014,84.1,91.3
CAM019,57.9,80.0
CAM004,94.0,82.7
CAM004,84.3,70.4
CAM012,85.9,83.1
CAM021,58.9,89.1
CAM002,84.7,96.1
CAM020,61.3,79.3
CAM002,55.2,99.3
CAM023,79.8,102.8
CAM009,80.3,86.9
CAM010,67.9,104.1
CAM023,63.1,65.9
CAM008,103.2,106.2
CAM015,79.9,80.2
CAM024,60.5,94.5
CAM007,49.1,95.1
CAM014,76.7,72.8
CAM012,85.3,78.2
CAM006,98.2,93.7
CAM013,96.0,101.2
CAM019,87.0,89.1
CAM007,83.5,82.2
CAM015,90.6,90.7
CAM007,74.1,104.6
CAM017,52.7,100.3
CAM022,91.3,89.7
CAM020,44.4,95.6
CAM016,66.9,83.7
CAM006,83.7,82.1
CAM023,80.8,89.1
CAM002,87.5,98.0
CAM007,90.6,77.8
CAM022,83.5,100.6
CAM017,102.2,90.0
CAM025,71.4,78.7
CAM005,66.6,78.2
CAM001,81.1,100.2
CAM010,72.9,74.2
CAM009,65.9,92.0
CAM012,68.5,89.6
CAM010,66.5,72.9
CAM013,76.5,87.4
CAM022,104.2,84.4
CAM018,66.5,78.1
CAM010,71.6,78.5
CAM011,98.0,87.1
CAM009,76.5,102.1
CAM021,75.6,92.9
CAM025,78.3,91.1
CAM020,67.9,92.5
CAM005,74.3,75.1
CAM010,77.1,97.4
CAM013,76.5,76.1
CAM019,83.2,80.4
CAM023,81.0,99.0
CAM016,95.4,80.6
CAM017,75.3,93.2
CAM022,84.3,84.0
CAM004,55.4,90.7
CAM024,86.5,73.7
CAM006,106.4,81.7
CAM021,89.1,92.5
CAM024,88.1,81.2
CAM011,65.1,96.6
CAM015,87.4,79.8
CAM021,48.9,77.2
CAM003,68.9,89.0
CAM004,87.2,81.5
CAM010,53.8,97.5
CAM005,84.1,92.6
CAM014,107.5,86.5
CAM015,95.3,102.0
CAM006,80.9,77.8
CAM021,90.1,87.3
CAM002,89.2,88.2
CAM025,80.7,76.3
CAM006,54.3,89.0
CAM003,88.3,95.0
CAM014,48.2,101.3
CAM013,95.3,88.3
CAM024,76.4,89.1
CAM011,78.7,76.9
CAM001,69.3,76.7
CAM008,82.3,106.2
CAM010,87.5,94.4
CAM019,76.2,91.1
CAM002,74.5,95.1
CAM024,61.1,86.6
CAM014,113.1,68.9
CAM011,94.2,87.7
CAM025,90.8,108.3
CAM013,87.9,88.8
CAM005,78.7,89.8
CAM017,84.5,95.5
CAM021,81.6,79.6
CAM021,77.4,99.1
CAM002,74.4,86.4
CAM004,76.4,86.5
CAM023,89.3,94.5
CAM004,62.8,85.0
CAM005,83.9,101.2
CAM001,71.5,100.6
CAM022,58.6,86.4
CAM023,95.2,100.9
CAM004,58.6,87.1
CAM010,83.0,90.8
CAM007,59.2,78.1
CAM017,91.0,86.6
CAM014,76.9,90.4
CAM016,96.1,80.7
CAM016,77.5,88.6
CAM022,83.7,90.3
CAM019,74.1,83.5
CAM003,79.0,84.5
CAM024,86.7,92.1
CAM008,40.9,94.6
CAM009,71.7,88.9
CAM006,97.3,75.5
CAM012,81.9,80.6
CAM024,98.4,99.7
CAM002,85.6,88.3
CAM021,84.3,95.4
CAM015,88.6,86.0
CAM024,99.5,97.1
CAM006,88.7,94.0
CAM015,76.1,96.8
CAM016,84.2,75.6
CAM006,94.4,97.1
CAM002,104.8,86.0
CAM004,61.8,94.1
CAM019,74.1,82.9
CAM013,81.5,75.8
CAM022,94.4,78.1
CAM005,61.9,89.1
CAM014,73.3,89.2
CAM021,69.4,100.9
CAM022,55.2,85.7
CAM024,42.5,78.1
CAM022,89.8,80.2
CAM023,76.1,84.2
CAM022,75.7,77.8
CAM022,71.8,80.1
CAM018,93.0,80.2
CAM001,72.9,83.9
CAM016,94.9,73.4
CAM003,78.1,80.1
CAM011,82.4,87.5
CAM008,65.0,85.3
CAM008,91.3,92.6
CAM019,51.9,93.7
CAM015,62.1,111.1
CAM024,74.3,84.6
CAM014,95.2,90.5
CAM003,87.3,65.7
CAM021,72.4,98.1
CAM007,69.3,79.8
CAM011,74.9,90.3
CAM008,85.0,81.3
CAM025,66.4,81.0
CAM022,68.0,95.5
CAM004,78.6,81.6
CAM011,65.8,98.1
CAM010,65.1,85.4
CAM004,86.0,89.5
CAM005,88.1,74.7
CAM014,93.1,95.7
CAM007,97.9,100.1
CAM007,54.5,92.2
CAM023,65.6,100.9
CAM002,101.9,80.4
CAM019,99.1,101.3
CAM015,59.0,69.1
CAM005,79.3,87.8
CAM024,109.2,94.3
CAM019,61.4,89.1
CAM006,74.9,82.8
CAM005,94.3,96.0
CAM020,90.3,80.8
CAM013,61.3,94.0
CAM023,78.9,80.8
CAM011,93.1,86.2
CAM005,90.3,97.3
CAM024,51.1,86.7
CAM018,92.2,77.1
CAM018,71.7,83.5
CAM020,73.3,74.6
CAM022,92.8,98.5
CAM006,56.5,87.7
CAM011,72.2,73.2
CAM018,59.9,89.4
CAM022,72.8,74.9
CAM018,71.9,105.0
CAM001,74.9,87.7
CAM005,82.5,89.0
CAM009,78.0,82.7
CAM010,74.8,83.4
CAM002,73.7,81.0
CAM025,65.2,85.8
CAM015,100.5,98.9
CAM024,68.8,85.6
CAM021,68.4,85.5
CAM023,73.2,100.9
CAM013,51.3,102.6
CAM022,71.2,98.5
CAM001,77.6,81.9
CAM025,87.7,80.5
CAM008,96.6,80.6
CAM021,65.4,96.9
CAM024,58.7,78.6
CAM007,75.6,93.4
CAM022,110.0,98.4
CAM024,64.4,87.2
CAM014,76.0,94.9
CAM006,68.7,84.5
CAM011,45.8,92.4
CAM002,85.0,94.5
CAM002,80.9,75.5
CAM022,70.2,103.1
CAM018,62.6,100.3
CAM011,43.3,84.4
CAM017,93.1,92.4
CAM014,64.3,85.6
CAM012,79.7,94.1
CAM011,72.3,94.6
CAM025,66.3,81.1
CAM018,95.6,65.3
CAM001,87.7,93.5
CAM008,93.9,81.0
CAM020,78.2,90.6
CAM011,59.7,98.9
CAM004,64.8,95.4
CAM010,94.7,89.7
CAM025,60.2,99.5
CAM015,66.3,88.6
CAM021,83.9,98.1
CAM004,95.4,107.6
CAM018,58.8,85.4
CAM007,66.4,74.4
CAM022,72.2,89.9
CAM018,91.7,71.7
CAM024,81.2,75.2
CAM003,77.8,82.8
CAM015,77.2,85.6
CAM003,101.5,93.4
CAM018,101.5,95.2
CAM009,65.2,93.4
CAM013,75.6,88.7
CAM022,79.1,88.7
CAM024,60.7,77.8
CAM019,104.1,92.9
CAM012,84.0,86.1
CAM022,76.1,91.6
CAM025,90.3,84.1
CAM022,86.0,89.0
CAM008,87.1,94.8
CAM018,72.5,100.3
CAM010,64.3,70.1
CAM024,57.0,69.9
CAM001,61.2,84.2
CAM004,95.6,91.0
CAM013,45.0,83.0
CAM010,83.7,102.3
CAM024,70.0,95.7
CAM021,82.6,84.0
CAM006,82.8,104.8
CAM007,93.7,96.9
CAM019,94.4,73.9
CAM018,60.8,90.7
CAM010,73.0,82.0
CAM007,75.5,77.7
CAM011,65.0,98.5
CAM008,93.7,95.4
CAM007,71.7,97.0
CAM020,66.4,76.3
CAM005,65.8,84.6
CAM011,86.2,86.6
CAM011,78.2,94.4
CAM024,70.9,82.4
CAM012,93.1,98.9
CAM016,65.2,90.0
CAM010,71.3,88.4
CAM021,56.9,77.3
CAM005,85.2,84.2
CAM024,82.2,85.6
CAM003,99.2,77.0
CAM021,96.1,90.3
CAM013,79.2,81.8
CAM002,61.4,84.4
CAM018,54.2,90.7
CAM012,55.0,99.9
CAM019,76.8,80.6
CAM015,71.9,88.0
CAM012,57.4,87.8
CAM020,68.5,74.1
CAM005,69.7,89.9
CAM019,58.2,68.1
CAM024,74.3,66.8
CAM002,81.2,98.2
CAM003,77.1,94.5
CAM022,86.2,106.9
CAM012,54.1,101.0
CAM002,97.6,91.2
CAM004,73.1,77.5
CAM009,83.6,81.9
CAM018,65.7,84.3
CAM013,64.5,97.8
CAM003,64.5,87.1
CAM008,65.0,87.1
CAM012,62.0,88.9
CAM020,106.9,88.8
CAM015,80.8,91.1
CAM021,76.5,93.0
CAM006,63.6,98.9
CAM004,70.3,80.1
CAM011,75.0,77.9
CAM016,59.4,89.6
CAM021,79.5,86.3
CAM002,91.0,96.7
CAM005,75.3,86.1
CAM019,83.1,92.3
CAM006,63.8,87.0
CAM019,59.3,73.9
CAM024,72.0,81.8
CAM003,82.0,100.0
CAM016,83.8,83.9
CAM014,57.9,78.5
CAM025,86.5,100.0
CAM009,88.5,99.9
CAM015,73.7,86.1
CAM013,73.0,90.8
CAM007,47.6,85.2
CAM022,71.0,90.5
CAM004,91.3,105.4
CAM020,101.8,91.8
CAM017,78.1,84.0
CAM022,91.0,96.9
CAM001,97.3,78.6
CAM021,64.7,91.9
CAM002,73.2,79.0
CAM016,81.4,79.5
CAM019,88.3,69.5
CAM023,64.9,83.6
CAM009,67.9,88.9
CAM003,72.1,106.0
CAM014,77.9,88.9
CAM024,82.5,76.5
CAM004,64.5,86.9
CAM007,73.4,80.7
CAM012,89.6,93.9
CAM019,77.4,105.7
CAM014,60.3,83.1
CAM022,70.4,91.6
CAM018,81.4,77.9
CAM012,63.0,84.2
CAM010,56.7,80.7
CAM013,75.5,70.4
CAM022,85.4,92.4
CAM023,84.1,86.7
CAM017,67.7,92.8
CAM018,62.0,79.0
CAM002,97.2,107.7
CAM001,86.7,72.2
CAM016,91.4,83.7
CAM003,76.9,96.6
CAM020,91.4,90.1
CAM013,65.2,80.8
CAM023,82.7,87.3
CAM025,86.6,76.4
CAM015,105.2,89.2
CAM017,77.2,90.3
CAM020,56.4,87.1
CAM020,79.8,90.1
CAM008,56.6,67.7
CAM003,102.3,87.7
CAM012,71.1,80.0
CAM007,55.3,86.4
CAM003,93.5,82.5
CAM024,92.9,70.5
CAM012,63.2,101.5
CAM008,70.8,84.3
CAM013,68.3,84.8
CAM014,60.1,87.5
CAM017,68.7,109.0
CAM017,105.6,83.1
CAM019,78.0,97.7
CAM013,55.9,82.0
CAM025,65.1,101.2
CAM022,59.9,90.9
CAM001,67.3,88.8
CAM013,48.0,66.5
CAM022,70.4,72.6
CAM014,94.2,85.0
CAM001,74.7,81.3
CAM010,95.5,95.4
CAM011,106.8,97.6
CAM016,74.2,93.8
CAM019,73.9,109.7
CAM022,86.2,85.5
CAM024,85.1,101.9
CAM009,80.5,93.8
CAM008,84.8,80.8
CAM025,102.7,100.6
CAM022,93.7,85.1
CAM001,79.6,76.8
CAM002,85.8,80.9
CAM011,37.4,89.3
CAM019,89.0,80.3
CAM025,87.8,84.3
CAM008,78.0,83.3
CAM017,82.9,78.2
CAM018,90.7,89.7
CAM022,80.5,78.2
CAM004,73.0,78.5
CAM023,98.9,88.7
CAM013,67.2,84.1
CAM020,83.8,83.6
CAM009,79.3,98.1
CAM020,73.1,92.8
CAM014,83.3,101.6
CAM012,68.6,94.8
CAM015,81.2,92.3
CAM019,67.9,72.8
CAM024,76.7,94.5
CAM014,83.7,83.3
CAM024,93.0,101.2
CAM006,71.4,90.3
CAM021,55.8,86.5
CAM016,72.4,99.0
CAM019,84.1,89.2
CAM006,101.9,94.1
CAM016,81.3,84.6
CAM024,71.3,95.3
CAM018,54.1,82.2
CAM012,85.1,88.6
CAM022,87.1,86.6
CAM019,67.8,79.0
CAM025,75.3,95.8
CAM017,55.2,89.2
CAM003,69.6,93.0
CAM021,105.1,83.1
CAM021,82.5,80.4
CAM021,67.1,82.1
CAM003,89.3,91.9
CAM011,73.3,94.8
CAM009,66.9,82.4
CAM015,84.4,67.1
CAM024,47.0,75.9
CAM014,91.6,103.3
CAM005,75.1,74.9
CAM024,76.3,84.5
CAM006,73.0,90.4
CAM016,74.9,87.4
CAM013,32.0,83.5
CAM004,77.4,93.2
CAM021,90.7,84.3
CAM008,78.2,95.4
CAM021,90.0,95.9
CAM006,98.3,90.4
CAM011,88.3,80.4
CAM018,94.2,83.5
CAM005,99.3,85.4
CAM006,65.0,82.6
CAM024,66.1,79.3
CAM017,67.0,79.4
CAM012,68.0,88.7
CAM003,65.5,91.1
CAM009,79.1,89.1
CAM017,88.9,72.0
CAM012,74.0,98.8
CAM023,107.9,77.7
CAM016,70.7,102.6
CAM010,57.5,78.8
CAM018,67.9,94.6
CAM018,68.2,90.6
CAM023,76.9,79.1
CAM013,79.0,91.6
CAM021,79.6,103.3
CAM020,85.5,75.2
CAM010,67.7,79.1
CAM009,54.6,97.2
CAM006,82.4,91.3
CAM015,69.8,83.2
CAM020,65.7,88.4
CAM005,94.5,91.4
CAM006,89.2,86.7
CAM005,73.1,73.8
CAM008,80.0,88.8
CAM007,71.4,94.5
CAM016,93.6,87.9
CAM002,65.0,103.2
CAM005,100.7,93.4
CAM003,69.5,86.5
CAM009,88.8,72.6
CAM004,99.9,85.7
CAM013,80.0,78.4
CAM024,87.3,87.8
CAM024,80.2,77.2
CAM007,57.1,90.3
CAM010,85.6,85.9
CAM024,109.8,93.6
CAM017,89.5,95.2
CAM010,87.3,105.8
CAM022,79.4,92.3
CAM021,75.8,88.6
CAM009,65.9,83.4
CAM008,82.1,88.1
CAM023,59.4,89.9
CAM012,79.4,81.3
CAM016,94.3,94.8
CAM025,74.5,85.8
CAM021,87.9,97.2
CAM004,85.2,92.7
CAM018,83.6,73.3
CAM015,77.7,86.1
CAM013,73.3,91.8
CAM002,63.0,88.9
CAM010,62.3,85.2
CAM019,83.0,95.7
CAM024,50.4,91.6
CAM020,93.3,82.1
CAM003,63.0,86.1
CAM009,63.1,85.4
CAM025,69.2,81.3
CAM006,92.4,79.6
CAM012,79.7,81.4
CAM024,111.7,97.1
CAM013,85.8,100.7
CAM025,59.7,84.1
CAM011,67.6,92.3
CAM004,72.9,87.5
CAM005,79.5,90.0
CAM004,71.6,88.4
CAM019,69.3,81.1
CAM016,56.5,85.7
CAM009,87.4,89.9
CAM023,107.2,96.9
CAM007,60.1,70.9
CAM003,58.4,90.6
CAM012,47.1,80.4
CAM014,88.9,73.6
CAM002,82.9,81.7
CAM002,75.4,71.0
CAM003,111.5,80.2
CAM004,86.2,91.9
CAM013,84.4,98.2
CAM008,47.2,78.7
CAM018,77.9,78.7
CAM004,79.9,76.3
CAM022,58.0,91.4
CAM004,82.4,92.9
CAM013,57.5,87.6
CAM018,93.1,87.9
CAM012,92.5,81.5
CAM011,86.1,80.3
CAM021,57.6,94.1
CAM020,79.0,99.3
CAM013,81.1,67.6
CAM009,68.2,95.6
CAM013,81.7,88.0
CAM010,64.1,81.8
CAM010,118.3,89.1
CAM007,79.8,86.5
CAM023,91.8,69.9
CAM017,48.0,80.9
CAM005,90.9,93.6
CAM005,86.6,94.6
CAM019,78.0,94.9
CAM010,89.9,93.0
CAM007,75.8,73.6
CAM016,90.2,102.9
CAM023,70.4,72.1
CAM004,68.2,83.7
CAM024,82.9,79.8
CAM025,100.6,93.3
CAM012,88.9,81.4
CAM004,84.9,83.3
CAM021,96.8,71.2
CAM021,80.4,79.3
CAM010,65.9,86.8
CAM019,87.8,96.6
CAM008,90.0,99.1
CAM013,101.0,85.3
CAM019,68.1,87.8
CAM010,79.8,83.0
CAM011,93.8,93.8
CAM002,67.6,85.9
CAM013,53.9,87.8
CAM005,79.2,77.7
CAM007,57.7,89.0
CAM007,33.7,76.5
CAM017,78.1,91.5
CAM025,58.7,93.8
CAM019,95.7,95.2
CAM014,72.0,92.4
CAM012,75.4,86.9
CAM010,84.3,95.3
CAM015,67.2,81.2
CAM008,82.2,96.3
CAM025,77.2,84.2
CAM024,110.2,95.4
CAM005,95.6,75.8
CAM001,64.0,101.5
CAM010,75.1,88.6
CAM007,77.4,81.8
CAM018,67.3,87.0
CAM016,46.7,68.4
CAM023,77.1,86.4
CAM019,92.2,81.9
CAM009,83.5,94.5
CAM023,74.6,86.0
CAM021,82.9,86.9
CAM022,74.3,105.4
CAM022,73.7,91.3
CAM010,91.6,78.4
CAM008,94.6,86.6
CAM023,87.9,92.6
CAM020,69.2,86.9
CAM017,95.6,85.6
CAM023,88.5,88.9
CAM017,72.5,97.8
CAM024,85.1,94.9
CAM012,70.7,94.0
CAM017,77.2,91.2
CAM009,99.3,74.9
CAM001,110.1,80.4
CAM008,95.3,103.7
CAM022,92.7,99.1
CAM017,96.7,85.0
CAM021,72.3,79.4
CAM019,99.3,107.6
CAM020,69.6,97.9
CAM007,67.4,78.3
CAM022,86.6,70.9
CAM010,66.7,70.2
CAM005,50.3,96.4
CAM025,97.9,104.5
CAM006,70.6,98.5
CAM024,87.0,93.3
CAM005,74.6,72.8
CAM014,89.6,86.2
CAM024,105.1,80.3
CAM024,74.4,103.5
CAM004,80.2,89.5
CAM020,63.8,79.8
CAM020,79.2,94.5
CAM022,83.6,88.6
CAM025,61.6,89.6
CAM020,58.1,90.5
CAM006,87.7,79.6
CAM005,83.2,93.5
CAM014,78.2,86.4
CAM009,87.5,86.0
CAM022,101.5,86.9
CAM003,93.4,108.1
CAM015,88.9,80.3
CAM011,97.6,74.0
CAM014,74.6,89.5
CAM024,88.1,75.2
CAM013,60.4,78.4
CAM020,58.5,85.1
CAM023,81.9,77.4
CAM015,50.3,92.9
CAM008,64.0,86.9
CAM024,91.4,90.2
CAM025,75.0,85.9
CAM010,51.0,94.9
CAM025,85.3,79.2
CAM014,69.4,107.4
CAM023,70.3,87.5
CAM021,56.6,92.3
CAM004,85.9,98.8
CAM023,64.6,85.4
CAM011,69.6,89.7
CAM019,101.7,76.4
CAM015,88.5,92.3
CAM021,98.9,79.2
CAM023,77.4,84.1
CAM023,65.4,90.7
CAM017,72.0,74.0
CAM017,71.7,84.6
CAM018,60.5,98.5
CAM011,59.2,82.7
CAM005,82.1,92.3
CAM025,74.6,78.9
CAM010,73.6,65.3
CAM010,73.1,84.8
CAM005,79.1,87.8
CAM025,77.7,98.0
CAM016,76.6,87.7
CAM016,79.4,100.0
CAM016,63.5,90.8
CAM020,69.5,84.0
CAM018,74.5,100.5
CAM007,85.6,89.5
CAM021,73.4,92.1
CAM002,64.7,73.1
CAM010,75.1,91.4
CAM004,70.4,90.8
CAM022,73.6,100.9
CAM023,57.6,79.1
CAM006,100.8,84.9
CAM012,83.6,86.3
CAM010,64.8,105.2
CAM003,79.4,70.7
CAM003,76.0,92.7
CAM023,85.9,81.8
CAM014,56.7,85.9
CAM020,95.0,92.2
CAM021,72.1,87.3
CAM024,65.7,68.6
CAM023,73.6,100.0
CAM011,76.9,99.8
CAM020,73.5,91.8
CAM019,55.4,88.3
CAM016,69.2,88.3
CAM020,79.3,95.4
CAM007,81.1,88.0
CAM021,84.6,73.9
CAM007,93.9,56.2
CAM014,90.5,90.4
CAM021,82.7,100.5
CAM023,73.1,103.6
CAM010,72.5,98.8
CAM025,99.3,88.5
CAM011,63.6,95.1
CAM001,82.5,82.9
CAM011,92.1,83.2
CAM016,83.9,75.6
CAM016,86.7,96.3
CAM018,90.4,81.9
CAM014,82.3,86.7
CAM017,71.1,101.8
CAM011,75.4,87.4
CAM019,68.1,73.2
CAM012,85.3,90.1
CAM001,70.8,95.4
CAM018,88.0,78.2
CAM013,80.7,92.1
CAM025,68.1,104.6
CAM023,92.2,89.8
CAM016,87.7,81.9
CAM010,80.5,95.5
CAM004,75.3,89.8
CAM007,91.0,83.0
CAM001,87.2,69.4
CAM005,89.7,107.0
CAM024,86.5,82.5
CAM011,95.6,102.3
CAM017,74.7,83.7
CAM024,91.5,90.0
CAM017,87.0,93.2
CAM002,70.8,76.8
CAM003,63.3,104.4
CAM004,57.6,86.3
CAM010,101.4,90.1
CAM021,87.6,83.0
CAM007,74.1,98.8
CAM025,71.5,89.6
CAM005,81.8,91.7
CAM020,71.9,86.5
CAM018,70.8,94.4
CAM005,101.7,82.3
CAM019,78.2,91.5
CAM020,91.6,81.0
CAM002,88.8,95.4
CAM022,91.1,90.8
CAM003,70.1,90.5
CAM020,93.3,80.0
CAM023,71.9,76.2
CAM010,73.4,93.2
CAM025,69.8,78.2
CAM025,79.6,76.4
CAM003,90.1,69.3
CAM015,87.9,92.5
CAM021,74.1,78.2
CAM008,85.4,86.4
CAM020,77.3,96.5
CAM006,71.6,75.3
CAM011,74.7,88.6
CAM016,90.1,94.7
CAM006,75.4,96.2
CAM019,82.5,91.0
CAM023,81.6,80.3
CAM021,88.7,91.3
CAM015,66.3,93.4
CAM020,78.3,93.3
CAM016,68.5,93.5
CAM023,57.4,79.5
CAM014,66.3,84.6
CAM023,79.8,101.2
CAM003,76.5,73.8
CAM016,92.2,96.0
CAM011,53.5,82.3
CAM006,72.9,96.6
CAM020,97.9,98.4
CAM025,83.3,80.7
CAM021,74.7,84.7
CAM005,101.0,75.3
CAM021,86.6,73.9
CAM022,88.2,96.9
CAM013,66.6,81.5
CAM007,72.9,80.9
CAM019,83.8,74.9
CAM014,71.8,68.4
CAM003,61.3,81.9
CAM017,72.0,90.7
CAM010,105.8,95.4
CAM002,95.9,88.1
CAM012,86.8,92.7
CAM001,80.0,101.9
CAM013,62.4,77.9
CAM013,65.1,95.7
CAM022,81.5,92.4
CAM018,54.2,101.6
CAM014,105.4,113.6
CAM022,79.5,89.0
CAM021,100.3,89.4
CAM016,57.2,67.5
CAM005,95.3,94.5
CAM014,96.9,73.3
CAM023,66.3,82.2
CAM006,63.9,90.7
CAM015,70.5,92.3
CAM014,63.4,80.8
CAM024,79.4,98.6
CAM014,94.4,82.7
CAM002,96.0,86.4
CAM023,65.5,96.7
CAM023,97.9,95.0
CAM017,117.9,85.3
CAM025,74.9,98.7
CAM017,82.6,85.5
CAM016,63.9,78.3
CAM022,95.5,94.0
CAM019,76.2,90.7
CAM011,76.0,87.7
CAM015,62.3,87.2
CAM024,71.6,95.3
CAM010,77.1,90.3
CAM020,77.9,73.5
CAM019,76.7,100.7
CAM019,80.2,90.6
CAM010,85.1,76.3
CAM010,70.7,88.4
CAM003,84.7,82.2
CAM005,69.6,83.2
CAM009,84.8,88.4
CAM006,97.4,80.1
CAM022,54.0,93.4
CAM009,80.1,81.5
CAM006,86.5,70.9
CAM011,114.4,85.6
CAM020,85.4,85.9
CAM016,78.3,78.7
CAM013,79.1,97.7
CAM021,87.1,98.3
CAM012,88.3,90.4
CAM004,92.8,91.3
CAM016,70.6,102.1
CAM025,87.0,84.9
CAM022,73.6,78.2
CAM005,63.3,86.2
CAM010,91.7,83.7
CAM022,71.1,98.1
CAM002,92.1,94.4
CAM012,92.3,85.4
CAM021,86.0,81.7
CAM009,81.5,81.5
CAM019,59.3,97.8
CAM024,79.1,101.4
CAM025,82.3,95.7
CAM023,90.1,87.7
CAM001,65.7,73.0
CAM001,63.5,93.8
CAM022,68.7,90.1
CAM010,78.0,90.4
CAM020,105.7,99.6
CAM022,85.7,84.1
CAM020,63.8,77.2
CAM004,94.3,94.3
CAM013,61.3,71.9
CAM019,80.9,82.6
CAM004,74.4,81.5
CAM015,75.0,85.0
CAM015,88.0,84.6
CAM014,70.6,75.5
CAM025,74.3,92.8
CAM003,77.1,91.2
CAM013,75.6,90.7
CAM009,80.3,91.1
CAM007,71.2,84.4
CAM016,91.6,95.1
CAM014,82.0,100.7
CAM015,76.6,83.9
CAM003,98.4,94.2
CAM025,49.9,94.4
CAM005,77.7,87.7
CAM002,72.4,81.9
CAM023,71.3,95.9
CAM001,45.0,85.9
CAM016,63.9,89.3
CAM024,82.7,72.5
CAM018,80.1,96.8
CAM023,84.7,78.6
CAM019,35.8,81.9
CAM011,72.1,79.7
CAM021,98.2,87.8
CAM012,43.2,83.1
CAM003,90.8,75.2
CAM010,72.8,83.5
CAM002,98.2,85.3
CAM010,68.1,69.9
CAM021,71.9,78.4
CAM021,69.6,90.2
CAM002,85.8,101.4
CAM019,79.0,96.9
CAM018,67.8,79.7
CAM015,80.5,87.7
CAM011,101.1,93.5
CAM002,70.0,91.5
CAM021,70.3,79.3
CAM022,89.9,79.9
CAM024,50.0,78.2
CAM002,76.5,77.6
CAM001,47.2,91.6
CAM002,78.9,101.0
CAM001,80.1,90.5
CAM010,80.7,84.3
CAM020,86.9,98.6
CAM004,92.2,96.0
CAM020,82.6,104.0
CAM014,64.1,102.6
CAM024,72.6,80.8
CAM022,71.2,85.8
CAM007,79.7,76.0
CAM011,88.3,90.8
CAM025,59.4,95.1
CAM018,83.3,93.8
CAM019,84.2,89.0
CAM021,59.5,77.9
CAM001,82.2,85.5
CAM001,80.6,91.5
CAM021,68.5,83.9
CAM023,86.5,73.5
CAM023,83.4,91.6
CAM009,63.7,86.7
CAM006,75.0,86.4
CAM006,74.1,75.9
CAM003,60.9,76.7
CAM012,62.4,93.6
CAM007,90.7,95.4
CAM004,57.5,75.8
CAM018,62.4,87.5
CAM021,71.9,81.9
CAM007,84.0,91.3
CAM016,69.7,88.1
CAM002,90.6,90.9
CAM007,66.4,91.2
CAM025,71.7,89.2
CAM002,85.8,85.5
CAM001,71.1,88.4
CAM008,74.6,76.1
CAM011,57.7,95.3
CAM011,78.8,92.3
CAM008,96.7,96.5
CAM007,71.0,92.5
CAM016,74.0,86.5
CAM014,97.7,104.3
CAM015,83.9,95.8
CAM015,74.3,75.5
CAM009,80.2,92.5
CAM023,67.7,84.9
CAM004,87.2,80.0
CAM006,78.6,81.7
CAM010,58.3,78.4
CAM021,107.1,82.3
CAM019,105.0,84.7
CAM003,63.5,93.8
CAM007,55.6,78.7
CAM009,92.7,88.9
CAM008,78.2,97.6
CAM008,92.6,80.4
CAM005,103.6,78.1
CAM014,82.0,87.7
CAM016,76.3,77.4
CAM014,62.3,86.0
CAM023,84.7,79.1
CAM008,98.3,95.5
CAM023,74.1,66.1
CAM005,71.5,93.2
CAM003,98.7,89.3
CAM006,70.0,71.0
CAM024,44.8,75.6
CAM015,81.9,69.8
CAM013,89.3,104.7
CAM021,58.7,90.8
CAM021,104.8,96.2
CAM011,66.5,86.5
CAM025,73.8,109.6
CAM018,69.5,85.2
CAM022,103.2,97.0
CAM024,93.3,83.5
CAM022,75.0,90.2
CAM013,65.1,97.3
CAM012,64.5,97.7
CAM023,98.1,93.8
CAM007,86.2,94.2
CAM018,90.1,94.7
CAM025,47.0,77.0
CAM007,78.5,72.8
CAM011,71.4,93.7
CAM022,73.9,89.4
CAM012,68.9,96.6
CAM017,85.6,79.1
CAM018,70.5,78.0
CAM010,65.2,90.6
CAM022,102.0,82.5
CAM003,89.0,105.3
CAM003,104.2,97.3
CAM010,83.4,87.1
CAM006,74.5,101.7
CAM016,83.5,92.9
CAM021,92.4,89.3
CAM022,70.8,86.8
CAM012,57.9,95.1
CAM001,76.7,91.1
CAM008,86.6,78.6
CAM011,67.1,92.3
CAM021,81.7,77.9
CAM022,69.2,71.7
CAM015,60.5,91.0
CAM010,83.1,94.2
CAM016,70.0,93.3
CAM002,84.8,93.9
CAM006,71.9,84.4
CAM018,69.7,111.6
CAM023,70.7,75.5
CAM005,81.7,91.8
CAM011,64.5,83.6
CAM012,85.2,98.6
CAM002,58.4,66.6
CAM005,65.8,96.0
CAM006,71.0,87.0
CAM001,64.4,94.0
CAM005,108.4,81.4
CAM005,100.9,88.4
CAM017,67.3,100.3
CAM016,107.4,73.5
CAM025,96.1,86.6
CAM005,84.9,74.2
CAM015,74.4,91.7
CAM016,84.2,85.1
CAM018,80.3,89.4
CAM020,86.2,79.8
CAM003,69.2,98.9
CAM007,69.4,84.8
CAM025,77.5,89.9
CAM018,90.3,77.0
CAM003,91.9,86.6
CAM016,70.1,99.2
CAM002,89.1,83.4
CAM005,74.9,78.7
CAM013,70.0,93.3
CAM012,72.6,97.1
CAM018,97.3,95.6
CAM015,77.2,78.7
CAM015,71.9,103.8
CAM014,76.1,78.8
CAM019,71.6,85.1
CAM010,50.2,90.9
CAM011,110.5,97.2
CAM025,76.9,88.7
CAM021,90.4,83.2
CAM018,60.4,90.7
CAM005,86.3,104.2
CAM010,74.1,87.1
CAM010,84.0,81.4
CAM018,77.4,81.6
CAM001,84.7,94.3
CAM021,86.0,79.2
CAM021,72.2,81.6
CAM006,56.7,88.7
CAM008,101.4,90.7
CAM016,83.2,87.9
CAM024,67.7,95.9
CAM014,91.3,78.7
CAM016,103.5,85.3
CAM012,59.7,87.1
CAM009,80.5,90.7
CAM011,57.1,91.4
CAM012,83.8,94.1
CAM014,55.1,71.1
CAM002,73.7,98.7
CAM003,54.2,86.7
CAM006,79.7,75.9
CAM006,50.7,83.0
CAM022,81.4,81.2
CAM023,75.6,84.3
CAM019,73.4,92.0
CAM005,64.6,87.0
CAM016,51.2,98.6
CAM006,84.5,91.1
CAM008,90.2,74.0
CAM018,58.0,76.9
CAM017,90.5,76.3
CAM023,78.3,83.6
CAM015,84.0,85.7
CAM005,92.2,83.2
CAM010,75.2,83.4
CAM015,92.5,80.2
CAM025,86.5,87.0
CAM010,103.3,91.0
CAM008,92.9,98.0
CAM023,79.1,92.6
CAM005,92.6,86.9
CAM025,79.2,84.5
CAM025,63.2,88.9
CAM007,97.4,98.0
CAM017,64.9,82.4
CAM009,89.4,90.0
CAM001,78.7,72.3
CAM020,86.3,106.6
CAM006,76.4,86.1
CAM005,96.9,70.3
CAM019,73.2,92.3
CAM017,81.7,75.8
CAM017,72.2,86.2
CAM019,79.4,77.0
CAM023,82.1,94.8
CAM025,41.3,82.4
CAM004,106.0,78.7
CAM023,56.6,90.2
CAM006,45.3,96.4
CAM006,98.0,66.1
CAM014,80.2,94.3
CAM004,78.9,80.2
CAM015,83.8,91.1
CAM025,70.6,93.7
CAM024,90.1,90.0
CAM004,66.4,94.6
CAM024,63.5,110.8
CAM015,80.2,97.1
CAM014,80.0,91.2
CAM016,90.4,84.8
CAM001,94.3,87.9
CAM004,64.5,94.6
CAM022,84.7,90.5
CAM013,64.9,64.7
CAM024,112.5,76.8
CAM003,71.9,92.5
CAM007,42.6,72.5
CAM004,79.6,97.4
CAM016,74.1,102.0
CAM019,58.4,79.6
CAM021,90.3,85.1
CAM022,66.6,82.5
CAM016,70.1,87.6
CAM015,86.3,92.3
CAM016,82.0,109.3
CAM001,81.7,89.7
CAM003,74.7,88.0
CAM006,62.4,97.1
CAM005,71.6,99.9
CAM025,98.7,94.9
CAM025,62.3,88.5
CAM010,69.5,79.1
CAM009,53.4,83.7
CAM018,44.9,81.6
CAM002,106.8,86.9
CAM004,68.9,93.2
CAM013,74.5,88.9
CAM006,52.0,81.8
CAM010,84.3,84.4
CAM014,92.7,98.7
CAM016,79.6,76.4
CAM016,66.6,76.4
CAM019,60.3,90.2
CAM006,64.1,87.6
CAM016,66.5,83.3
CAM022,54.8,107.8
CAM011,95.3,92.5
CAM005,84.7,80.9
CAM024,57.4,80.3
CAM021,74.6,91.4
CAM012,92.4,87.5
CAM002,72.4,82.2
CAM021,75.8,91.5
CAM023,88.9,91.1
CAM011,86.4,97.8
CAM002,50.9,92.4
CAM019,63.4,87.1
CAM001,71.8,76.7
CAM011,68.0,94.2
CAM019,91.2,94.0
CAM023,72.3,80.7
CAM017,85.8,75.6
CAM006,68.0,82.4
CAM014,83.9,100.2
CAM003,87.3,78.6
CAM010,76.9,95.5
CAM019,69.8,91.7
CAM024,99.5,84.3
CAM019,88.5,92.6
CAM003,62.2,83.5
CAM014,84.2,103.5
CAM021,85.4,78.5
CAM010,62.1,92.6
CAM007,68.9,91.5
CAM017,55.2,92.4
CAM006,92.4,79.4
CAM017,89.9,79.0
CAM007,64.1,73.8
CAM015,75.8,100.7
CAM020,96.4,72.3
CAM019,77.3,84.9
CAM007,72.8,91.8
CAM005,77.5,72.7
CAM014,54.5,97.5
CAM003,60.0,75.0
CAM009,87.0,76.4
CAM009,74.0,81.9
CAM008,84.9,91.8
CAM008,81.5,80.6
CAM016,64.1,84.5
CAM021,85.8,84.6
CAM009,85.1,93.3
CAM009,73.3,83.3
CAM002,93.7,85.7
CAM001,106.0,94.5
CAM011,55.4,77.2
CAM014,94.7,79.9
CAM003,56.6,98.4
CAM005,79.6,99.7
CAM017,93.5,83.5
CAM019,108.8,81.5
CAM009,71.9,88.1
CAM020,96.3,99.3
CAM011,89.3,75.2
CAM024,76.8,66.9
CAM007,83.4,92.4
CAM009,68.0,90.6
CAM019,94.2,91.8
CAM023,89.6,85.5
CAM014,67.6,89.1
CAM009,101.9,73.5
CAM012,64.8,89.3
CAM010,114.2,91.1
CAM020,100.4,91.2
CAM002,69.0,73.2
CAM008,77.7,96.9
CAM021,90.8,85.8
CAM022,98.2,100.5
CAM015,54.5,100.7
CAM013,106.1,79.1
CAM010,100.0,97.0
CAM008,69.9,105.0
CAM006,95.1,81.6
CAM025,62.8,75.5
CAM009,95.4,75.5
CAM016,63.8,89.7
CAM011,72.2,70.0
CAM004,87.8,75.6
CAM017,91.4,91.8
CAM024,86.9,74.4
CAM015,70.0,73.6
CAM021,65.6,78.1
CAM021,87.3,94.9
CAM021,71.7,99.1
CAM004,87.2,97.1
CAM025,89.5,74.6
CAM020,68.2,73.3
CAM011,50.8,93.5
CAM005,76.6,101.7
CAM011,80.9,82.3
CAM014,68.6,94.7
CAM013,105.3,81.6
CAM008,81.0,88.3
CAM018,66.2,77.9
CAM003,87.2,87.0
CAM023,80.7,85.7
CAM020,68.2,91.0
CAM003,86.3,86.6
CAM019,94.5,97.6
CAM014,82.7,67.6
CAM022,68.0,88.2
CAM007,88.2,104.7
CAM009,74.1,98.2
CAM005,69.3,90.6
CAM007,89.4,87.8
CAM022,81.3,93.3
CAM005,115.6,92.4
CAM008,55.4,74.8
CAM012,60.5,81.5
CAM003,85.5,88.3
CAM011,91.9,86.5
CAM007,73.0,74.2
CAM024,73.5,86.0
CAM018,89.7,90.9
CAM008,65.1,89.5
CAM020,112.0,79.2
CAM020,71.6,72.1
CAM001,77.6,100.5
CAM010,98.7,86.1
CAM005,95.6,85.7
CAM019,81.7,93.0
CAM016,104.0,80.2
CAM005,96.6,95.6
CAM014,82.4,91.5
CAM002,94.3,86.6
CAM009,77.6,67.5
CAM010,87.0,84.0
CAM025,93.1,83.2
CAM014,87.5,83.1
CAM016,78.7,82.9
CAM022,68.1,80.7
CAM007,84.0,93.2
CAM002,69.8,89.0
CAM015,35.9,99.4
CAM016,90.7,90.1
CAM023,63.6,84.3
CAM004,93.9,73.1
CAM004,72.5,92.9
CAM010,81.6,93.0
CAM017,85.9,77.6
CAM022,62.1,81.9
CAM001,60.0,86.1
CAM014,87.2,84.8
CAM016,65.0,71.1
CAM001,69.6,112.8
CAM004,63.3,95.4
CAM004,82.2,83.6
CAM003,56.7,91.5
CAM016,44.6,94.4
CAM020,71.2,81.3
CAM002,58.9,69.6
CAM011,133.0,75.9
CAM019,97.2,101.0
CAM021,72.9,103.8
CAM024,109.1,97.5
CAM013,87.0,91.8
CAM008,105.4,84.1
CAM003,87.5,88.8
CAM013,80.1,80.8
CAM025,85.8,86.5
CAM010,63.1,88.6
CAM010,93.7,81.0
CAM012,64.6,73.3
CAM017,82.7,97.3
CAM013,60.2,89.7
CAM014,90.4,93.1
CAM012,66.7,81.7
CAM014,92.0,94.0
CAM015,69.0,76.4
CAM023,87.2,96.7
CAM021,74.5,85.0
CAM015,49.8,95.5
CAM016,65.4,112.6
CAM022,100.0,78.1
CAM017,61.7,93.1
CAM018,81.8,89.3
CAM004,63.6,87.4
CAM015,68.4,78.1
CAM009,66.6,97.4
CAM025,71.1,87.9
CAM022,54.1,91.7
CAM013,91.9,90.6
CAM023,72.5,99.4
CAM015,78.7,78.2
CAM009,61.0,104.9
CAM006,79.4,91.5
CAM020,76.8,101.4
CAM014,76.5,87.8
CAM004,98.4,89.1
CAM015,67.9,71.1
CAM024,65.0,81.8
CAM020,85.5,76.5
CAM023,68.1,75.8
CAM013,80.0,84.4
CAM005,84.8,88.4
CAM001,75.0,82.5
CAM001,83.1,100.6
CAM021,79.4,105.3
CAM018,82.3,95.1
CAM015,86.8,95.6
CAM004,82.1,92.5
CAM023,62.8,91.5
CAM001,89.8,78.8
CAM007,70.7,104.3
CAM013,79.7,88.4
CAM021,86.6,80.2
CAM014,91.3,76.0
CAM020,71.8,54.7
CAM002,61.9,88.8
CAM019,72.8,67.2
CAM016,78.6,91.2
CAM001,67.2,91.7
CAM003,75.7,100.9
CAM016,92.5,96.4
CAM021,65.6,99.4
CAM001,89.9,100.3
CAM016,72.3,93.4
CAM008,59.9,80.8
CAM020,91.4,76.6
CAM015,85.9,93.5
CAM023,66.8,93.9
CAM022,70.4,81.0
CAM016,86.3,71.5
CAM020,83.7,101.3
CAM003,74.3,83.9
CAM007,87.0,96.7
CAM014,93.3,84.3
CAM008,79.1,90.7
CAM001,71.1,93.4
CAM022,92.3,102.2
CAM017,83.0,88.7
CAM014,85.6,92.2
CAM018,79.8,94.9
CAM011,83.2,73.0
CAM025,85.9,83.1
CAM005,95.2,73.4
CAM020,67.4,75.7
CAM015,88.9,66.0
CAM025,83.1,90.7
CAM020,56.6,76.7
CAM004,79.8,85.6
CAM004,81.5,91.9
CAM007,84.9,85.2
CAM010,71.8,73.3
CAM016,77.3,83.9
CAM021,61.0,100.6
CAM004,86.7,80.1
CAM014,78.2,87.0
CAM016,69.0,97.0
CAM003,75.8,102.2
CAM014,64.7,98.2
CAM005,78.3,76.9
CAM008,87.6,95.3
CAM014,105.6,74.8
CAM017,81.7,79.8
CAM001,55.5,93.4
CAM023,89.6,67.7
CAM003,70.5,95.8
CAM025,80.6,90.8
CAM025,108.8,92.7
CAM005,82.0,86.2
CAM021,102.9,86.0
CAM017,92.4,86.4
CAM022,69.3,70.6
CAM024,76.6,68.3
CAM001,92.0,70.9
CAM020,97.1,81.3
CAM015,59.9,73.2
CAM020,82.9,75.3
CAM023,63.6,101.6
CAM021,70.3,91.4
CAM010,93.0,93.6
CAM013,74.4,73.4
CAM005,60.7,86.6
CAM007,92.8,94.3
CAM017,67.3,98.8
CAM001,102.6,90.8
CAM019,76.6,105.0
CAM010,71.9,61.8
CAM004,75.0,70.8
CAM009,68.9,82.0
CAM002,79.4,66.6
CAM015,71.2,102.0
CAM015,72.6,93.6
CAM024,96.0,87.2
CAM021,64.3,73.0
CAM008,71.2,93.9
CAM023,71.1,85.8
CAM013,67.5,87.2
CAM011,68.9,87.4
CAM025,73.9,91.1
CAM023,65.1,92.2
CAM003,105.1,95.2
CAM016,79.2,91.5
CAM022,59.6,86.0
CAM017,83.1,70.0
CAM019,63.3,88.1
CAM015,65.3,67.7
CAM024,103.7,85.2
CAM005,61.9,87.6
CAM015,93.0,98.2
CAM017,85.1,92.2
CAM016,86.0,89.1
CAM018,54.5,104.2
CAM020,82.1,84.5
CAM012,74.4,86.9
CAM005,86.8,93.2
CAM012,72.7,97.8
CAM005,89.7,97.4
CAM002,89.0,85.0
CAM010,83.6,104.3
CAM016,95.6,88.1
CAM003,88.0,81.2
CAM019,72.4,97.2
CAM011,81.1,78.0
CAM024,81.8,83.8
CAM005,62.4,87.7
CAM015,74.0,83.6
CAM024,66.6,102.4
CAM022,68.1,81.8
CAM013,75.7,90.3
CAM022,95.6,78.6
CAM021,85.2,90.9
CAM001,55.5,81.0
CAM023,70.7,100.1
CAM021,69.5,85.9
CAM020,55.2,84.1
CAM019,54.9,86.0
CAM017,83.7,85.2
CAM018,79.2,89.6
CAM007,78.6,102.1
CAM019,54.2,93.6
CAM020,70.0,98.8
CAM016,80.0,86.5
CAM014,79.3,89.8
CAM017,73.6,94.3
CAM004,95.3,86.6
CAM010,84.6,93.4
CAM003,97.5,106.3
CAM022,87.4,98.9
CAM011,87.2,100.9
CAM010,68.5,93.0
CAM014,86.5,83.7
CAM004,87.8,90.1
CAM020,64.0,82.6
CAM025,43.8,87.4
CAM009,92.5,91.7
CAM014,81.1,88.9
CAM021,81.0,106.7
CAM009,60.5,84.0
CAM004,78.4,99.4
CAM005,73.2,96.7
CAM003,87.4,79.3
CAM005,49.5,106.7
CAM008,63.7,85.8
CAM018,77.4,88.1
CAM015,96.9,85.0
CAM021,78.5,87.9
CAM016,76.4,94.8
CAM022,68.5,93.7
CAM021,84.2,104.8
CAM010,100.0,92.2
CAM019,83.5,89.7
CAM023,83.5,91.4
CAM018,106.7,87.9
CAM007,51.0,73.5
CAM011,103.2,73.5
CAM021,76.3,103.0
CAM015,75.0,101.1
CAM011,69.5,96.4
CAM020,63.3,105.6
CAM005,77.5,87.5
CAM016,79.9,88.0
CAM006,52.6,97.9
CAM023,64.0,88.6
CAM003,82.7,75.3
CAM003,49.3,83.4
CAM022,71.2,89.6
CAM013,84.2,80.5
CAM006,91.6,74.1
CAM001,87.5,94.1
CAM007,68.7,90.2
CAM001,79.1,74.4
CAM023,74.2,91.0
CAM020,60.0,76.4
CAM008,79.6,98.5
CAM012,93.9,90.4
CAM023,75.4,82.1
CAM007,97.9,86.7
CAM004,90.4,79.5
CAM016,82.4,93.2
CAM024,58.6,82.5
CAM019,86.4,98.7
CAM024,88.0,90.8
CAM019,95.8,73.4
CAM024,79.8,82.2
CAM022,114.7,91.4
CAM022,67.5,86.6
CAM018,78.7,87.6
CAM014,56.8,71.3
CAM002,85.5,81.7
CAM014,74.8,101.4
CAM015,61.1,88.3
CAM002,85.4,83.7
CAM009,93.0,82.6
CAM011,87.2,88.2
CAM003,96.5,76.8
CAM024,81.3,101.6
CAM003,86.0,85.0
CAM011,70.7,99.7
CAM004,92.7,89.7
CAM001,61.6,81.1
CAM011,83.7,82.3
CAM016,78.9,96.2
CAM002,85.4,78.2
CAM008,100.7,82.6
CAM020,72.2,89.5
CAM015,72.8,86.2
CAM002,89.8,83.6
CAM023,84.7,89.9
CAM015,96.1,92.2
CAM014,97.3,93.4
CAM018,103.8,93.6
CAM013,97.3,96.5
CAM008,94.2,76.1
CAM020,91.7,88.6
CAM014,92.2,79.4
CAM011,65.7,77.0
CAM001,66.0,90.3
CAM007,79.7,88.9
CAM023,100.5,94.5
CAM007,84.0,85.4
CAM017,77.4,97.4
CAM024,71.5,84.0
CAM005,79.4,85.0
CAM010,63.5,82.5
CAM021,78.3,80.2
CAM018,79.3,83.0
CAM010,68.8,83.5
CAM001,57.6,86.5
CAM005,93.6,91.8
CAM018,87.3,80.7
CAM007,97.8,86.1
CAM007,80.8,80.0
CAM022,56.8,90.1
CAM015,67.8,83.3
CAM019,66.4,84.7
CAM010,70.7,90.6
CAM015,99.9,74.1
CAM016,78.2,88.8
CAM008,72.5,78.5
CAM007,79.6,102.6
CAM011,82.8,79.8
CAM013,95.0,113.0
CAM012,91.2,88.5
CAM018,86.7,92.9
CAM007,57.0,73.4
CAM012,81.3,88.6
CAM007,75.9,94.2
CAM009,75.5,80.0
CAM018,78.2,93.9
CAM006,95.0,71.5
CAM001,81.7,83.7
CAM021,79.6,83.8
CAM007,74.5,94.3
CAM012,60.3,69.8
CAM020,99.2,75.5
CAM003,99.3,100.6
CAM005,80.5,82.4
CAM013,73.8,80.6
CAM014,88.4,87.0
CAM002,79.5,76.1
CAM018,75.8,92.9
CAM008,101.6,93.3
CAM005,99.9,69.0
CAM016,79.5,91.6
CAM016,82.9,76.0
CAM006,54.7,87.2
CAM021,78.1,79.3
CAM017,66.0,89.8
CAM012,62.1,86.4
CAM016,59.8,89.9
CAM021,94.3,82.3
CAM002,85.9,106.4
CAM015,87.2,81.2
CAM010,65.9,92.0
CAM006,90.5,84.6
CAM018,98.1,95.6
CAM010,65.8,90.9
CAM019,94.2,90.8
CAM011,63.9,92.5
CAM014,66.9,95.8
CAM009,71.5,91.8
CAM008,77.5,91.6
CAM003,73.4,98.2
CAM018,62.8,75.6
CAM008,82.4,90.0
CAM002,65.9,85.7
CAM022,72.3,94.7
CAM025,73.5,81.4
CAM023,71.9,85.0
CAM025,74.3,77.0
CAM009,89.8,88.4
CAM012,80.9,79.0
CAM013,88.3,74.4
CAM001,61.5,89.9
CAM025,104.7,82.6
CAM008,81.4,102.8
CAM016,79.9,99.9
CAM018,79.1,73.6
CAM015,74.8,91.2
CAM007,47.9,97.3
CAM014,81.8,97.5
CAM018,85.5,88.9
CAM005,70.2,101.8
CAM016,87.8,72.1
CAM011,80.3,97.4
CAM025,58.0,96.9
CAM018,72.3,99.4
CAM019,85.0,68.2
CAM005,122.5,83.9
CAM019,65.0,79.1
CAM020,65.5,84.0
CAM013,82.0,96.6
CAM018,66.0,94.7
CAM011,64.1,83.8
CAM010,83.5,90.3
CAM018,89.5,103.1
CAM020,69.0,88.4
CAM003,89.7,83.3
CAM007,80.2,101.1
CAM003,65.1,90.4
CAM001,91.1,103.7
CAM014,45.2,105.2
CAM005,62.4,85.7
CAM003,54.8,100.5
CAM007,84.5,92.5
CAM014,86.6,75.9
CAM006,51.7,75.1
CAM019,84.5,101.7
CAM015,77.7,89.1
CAM005,53.4,93.6
CAM020,84.1,77.7
CAM019,89.3,81.1
CAM019,83.9,89.0
CAM021,89.3,81.2
CAM023,91.6,74.7
CAM013,58.7,77.3
CAM006,70.4,90.9
CAM020,76.4,78.1
CAM022,85.4,98.7
CAM013,76.7,85.4
CAM006,75.1,100.5
CAM010,75.4,85.1
CAM024,76.3,81.8
CAM016,57.9,96.1
CAM004,83.6,87.9
CAM004,53.7,87.6
CAM014,67.8,90.1
CAM017,81.1,88.6
CAM021,70.0,73.9
CAM013,70.2,95.6
CAM007,76.4,88.8
CAM004,76.1,83.3
CAM022,77.9,77.6
CAM003,95.8,94.5
CAM023,85.3,86.5
CAM009,82.7,83.4
CAM001,71.2,84.5
CAM004,64.4,86.1
CAM003,77.0,86.8
CAM009,85.5,95.0
CAM007,71.4,69.5
CAM018,82.6,101.6
CAM021,85.6,76.1
CAM023,74.5,84.5
CAM023,76.4,90.8
CAM001,91.0,90.6
CAM007,90.2,84.2
CAM008,78.8,89.5
CAM001,90.7,87.5
CAM007,75.8,85.1
CAM004,85.7,71.8
CAM006,77.3,85.3
CAM017,87.7,93.0
CAM018,64.3,79.0
CAM018,66.3,93.8
CAM008,81.0,96.2
CAM006,98.3,89.2
CAM001,66.1,94.4
CAM003,71.8,81.9
CAM020,74.4,90.5
CAM007,57.7,96.1
CAM016,84.5,87.6
CAM018,86.1,68.3
CAM019,94.8,108.0
CAM020,69.1,99.3
CAM013,61.6,66.3
CAM023,83.8,92.1
CAM025,87.1,82.8
CAM022,65.4,88.9
CAM020,91.0,82.8
CAM017,71.5,82.9
CAM019,77.4,86.6
CAM001,55.8,75.2
CAM010,79.3,97.5
CAM008,74.4,85.8
CAM012,68.6,88.0
CAM013,79.1,90.4
CAM024,50.4,75.4
CAM024,83.4,84.6
CAM011,63.3,76.1
CAM017,81.8,79.0
CAM010,78.0,81.5
CAM024,72.9,93.8
CAM018,107.5,94.7
CAM008,84.9,74.8
CAM008,67.3,82.5
CAM011,86.0,99.6
CAM003,81.6,85.5
CAM007,119.2,97.0
CAM007,84.1,91.9
CAM018,93.8,69.8
CAM008,63.3,87.6
CAM015,69.6,101.3
CAM008,61.0,93.6
CAM010,74.6,97.6
CAM021,86.4,105.1
CAM016,110.9,99.6
CAM013,66.6,95.1
CAM014,55.2,87.5
CAM025,97.4,106.5
CAM016,91.6,89.1
CAM003,79.8,67.7
CAM020,60.7,85.4
CAM006,77.3,98.0
CAM015,74.3,99.3
CAM016,84.8,90.1
CAM016,88.4,106.9
CAM001,94.4,88.9
CAM024,68.0,94.5
CAM014,112.6,79.2
CAM012,69.0,93.1
CAM019,104.2,96.1
CAM004,64.5,95.7
CAM007,80.9,65.5
CAM025,97.1,80.5
CAM017,73.0,75.6
CAM012,71.3,75.7
CAM014,77.1,81.3
CAM002,89.7,84.0
CAM023,68.3,75.5
CAM021,89.4,97.8
CAM022,84.3,93.4
CAM019,103.6,82.8
CAM001,82.6,90.7
CAM023,90.2,83.5
CAM019,83.7,87.4
CAM007,84.0,84.2
CAM014,77.8,95.6
CAM018,70.5,80.6
CAM010,75.6,73.0
CAM024,82.6,84.8
CAM019,80.1,79.8
CAM005,76.9,94.1
CAM024,68.4,92.6
CAM006,78.3,87.5
CAM003,80.2,78.7
CAM014,65.2,75.9
CAM006,82.0,93.2
CAM005,80.8,93.4
CAM004,53.5,93.0
CAM006,85.1,102.3
CAM025,92.3,112.0
CAM014,49.2,95.2
CAM004,83.7,84.0
CAM010,84.2,90.4
CAM003,67.8,98.0
CAM016,54.4,89.4
CAM001,99.7,93.6
CAM001,65.5,74.3
CAM002,92.0,94.3
CAM001,66.0,95.7
CAM025,76.4,98.3
CAM025,70.3,96.1
CAM012,72.7,80.5
CAM011,91.6,68.4
CAM022,62.5,95.4
CAM012,95.7,76.3
CAM001,57.1,91.7
CAM024,94.3,70.4
CAM001,55.4,77.2
CAM009,100.3,83.5
CAM008,64.8,97.2
CAM022,89.5,80.1
CAM022,93.6,112.4
CAM011,91.2,88.9
CAM002,100.4,85.2
CAM022,60.0,92.2
CAM013,76.3,72.0
CAM012,48.9,97.1
CAM016,105.5,86.5
CAM004,76.8,80.5
CAM007,71.3,70.3
CAM019,82.8,74.0
CAM002,95.4,99.6
CAM010,101.2,61.8
CAM015,85.5,96.5
CAM004,60.6,89.3
CAM008,83.6,102.6
CAM022,76.0,84.0
CAM023,109.7,91.8
CAM011,97.5,79.2
CAM008,74.0,74.9
CAM022,83.4,91.4
CAM018,67.1,80.2
CAM023,73.0,93.6
CAM019,79.9,75.9
CAM021,61.0,104.5
CAM024,76.8,79.2
CAM021,86.0,65.1
CAM014,81.6,82.0
CAM004,76.3,92.2
CAM011,76.1,66.9
CAM024,95.1,83.8
CAM005,99.0,70.2
CAM019,77.0,80.3
CAM019,51.5,84.1
CAM014,72.3,95.8
CAM022,84.7,86.1
CAM022,70.0,84.2
CAM013,105.3,89.0
CAM011,98.6,105.0
CAM008,62.6,88.0
CAM020,73.2,102.6
CAM023,90.0,89.7
CAM017,85.2,87.7
CAM023,60.3,82.3
CAM007,56.2,88.4
CAM013,101.8,93.9
CAM005,82.5,82.5
CAM024,87.2,85.4
CAM024,104.5,93.8
CAM006,92.0,76.6
CAM010,98.4,86.7
CAM006,95.6,87.4
CAM011,64.0,92.8
CAM012,78.7,79.0
CAM017,76.3,80.7
CAM007,72.7,77.2
CAM004,93.9,99.0
CAM019,81.1,85.8
CAM023,71.2,100.4
CAM019,92.0,98.6
CAM010,85.7,84.3
CAM024,84.8,100.3
CAM012,75.2,76.3
CAM022,84.1,70.6
CAM013,92.1,85.1
CAM006,83.6,86.2
CAM016,80.0,90.7
CAM017,67.0,78.2
CAM005,68.1,81.4
CAM002,88.3,94.1
CAM010,64.8,67.3
CAM021,77.3,72.4
CAM022,64.8,74.9
CAM021,63.4,96.6
CAM015,73.2,91.4
CAM003,92.4,96.9
CAM017,80.9,99.8
CAM019,56.6,89.8
CAM004,80.4,82.5
CAM016,99.8,88.0
CAM010,72.2,86.2
CAM003,71.7,70.5
CAM018,88.2,103.1
CAM001,57.7,98.3
CAM017,61.1,88.8
CAM019,52.9,84.0
CAM021,94.6,98.6
CAM022,85.1,84.6
CAM020,77.5,87.1
CAM015,80.2,83.6
CAM005,59.9,82.1
CAM003,52.7,81.3
CAM002,84.2,90.4
CAM010,66.5,96.5
CAM014,98.3,86.1
CAM008,67.4,108.7
CAM017,87.6,83.8
CAM018,60.7,92.0
CAM023,66.1,106.3
CAM012,64.9,81.3
CAM023,99.1,97.7
CAM008,85.5,89.1
CAM007,96.3,84.8
CAM007,68.5,84.0
CAM024,74.0,85.5
CAM009,76.6,101.0
CAM006,73.3,90.2
CAM009,63.2,68.9
CAM005,72.8,87.2
CAM024,75.6,100.7
CAM021,82.8,96.1
CAM022,68.0,79.4
CAM006,70.9,90.5
CAM014,51.8,104.0
CAM008,84.4,90.2
CAM004,72.2,79.6
CAM011,69.5,81.4
CAM011,79.4,83.0
CAM008,77.1,92.0
CAM008,73.2,90.9
CAM004,88.2,101.0
CAM010,56.5,79.4
CAM004,56.6,85.5
CAM010,59.8,84.1
CAM002,94.2,107.1
CAM013,88.7,102.8
CAM022,94.9,85.8
CAM020,88.5,81.8
CAM019,79.3,88.9
CAM017,73.3,75.2
CAM005,61.5,98.1
CAM002,95.4,81.7
CAM012,75.2,81.4
CAM020,64.5,92.9
CAM015,103.0,86.6
CAM017,70.1,109.6
CAM017,105.0,81.3
CAM008,68.6,104.7
CAM010,67.9,92.3
CAM003,74.3,85.3
CAM008,85.9,86.2
CAM002,87.9,91.7
CAM016,78.7,86.8
CAM014,63.6,69.3
CAM005,61.3,89.4
CAM022,94.5,79.0
CAM013,87.1,88.5
CAM024,92.7,88.4
CAM018,78.0,81.3
CAM024,61.3,70.8
CAM017,76.3,85.6
CAM015,98.5,85.0
CAM025,68.1,87.1
CAM003,73.0,91.6
CAM012,92.0,85.2
CAM013,95.7,108.9
CAM011,87.1,84.5
CAM018,94.4,73.7
CAM010,74.5,95.1
CAM007,97.8,88.2
CAM013,80.4,95.5
CAM021,48.5,86.1
CAM015,99.2,77.1
CAM002,66.1,97.8
CAM011,76.0,92.1
CAM012,84.9,84.3
CAM012,92.8,88.5
CAM007,92.5,93.5
CAM005,51.8,98.6
CAM001,89.4,98.9
CAM008,64.7,89.6
CAM012,70.0,90.5
CAM009,89.7,94.1
CAM015,84.9,95.2
CAM014,107.0,88.7
CAM023,80.9,93.5
CAM002,87.8,95.0
CAM011,84.7,84.9
CAM007,111.6,80.7
CAM009,89.9,95.1
CAM016,84.8,74.4
CAM011,78.2,72.3
CAM013,46.3,87.8
CAM013,101.9,104.6
CAM001,87.0,93.9
CAM001,79.1,81.4
CAM022,85.1,79.6
CAM020,76.8,78.4
CAM010,76.8,91.7
CAM014,78.1,93.2
CAM017,82.4,94.7
CAM004,107.6,66.2
CAM008,70.6,79.8
CAM016,71.1,72.2
CAM023,75.6,75.7
CAM007,96.7,87.4
CAM021,82.2,91.7
CAM013,119.4,94.5
CAM005,60.7,93.6
CAM003,87.0,81.4
CAM017,71.1,100.0
CAM008,80.6,97.3
CAM002,57.9,87.2
CAM010,88.3,93.5
CAM012,75.5,81.4
CAM002,78.2,88.3
CAM022,77.7,81.8
CAM016,74.4,100.1
CAM014,91.6,108.1
CAM012,74.6,91.8
CAM022,95.7,89.0
CAM005,66.8,100.9
CAM012,77.2,76.0
CAM020,64.0,97.4
CAM007,72.8,86.1
CAM004,93.7,98.8
CAM004,113.6,94.0
CAM021,81.8,82.6
CAM015,82.9,86.4
CAM018,69.3,82.8
CAM016,87.4,87.6
CAM024,82.2,91.9
CAM014,67.9,85.9
CAM025,96.5,72.4
CAM012,90.1,82.0
CAM023,89.1,94.5
CAM016,49.7,98.1
CAM017,80.1,82.7
CAM009,75.6,83.5
CAM002,82.8,87.1
CAM023,87.4,103.4
CAM016,66.7,71.3
CAM003,89.8,100.9
CAM013,65.1,84.6
CAM020,76.8,93.7
CAM006,61.1,82.7
CAM001,96.0,77.0
CAM015,55.6,87.7
CAM009,74.7,94.0
CAM023,77.2,92.5
CAM008,87.9,89.9
CAM002,56.6,71.5
CAM009,88.0,84.8
CAM002,71.4,82.7
CAM007,77.3,87.9
CAM012,52.8,70.2
CAM011,97.0,95.0
CAM018,77.3,92.8
CAM020,66.7,113.1
CAM021,88.5,72.6
CAM008,76.6,80.8
CAM009,95.1,86.0
CAM025,95.2,83.5
CAM024,77.6,79.2
CAM021,77.1,100.6
CAM020,53.5,82.8
CAM008,73.7,93.4
CAM021,86.3,73.9
CAM005,56.6,92.8
CAM014,57.5,102.3
CAM003,62.5,88.3
CAM006,84.1,97.7
CAM024,82.8,94.6
CAM010,82.6,92.8
CAM013,74.5,82.6
CAM005,87.4,91.0
CAM021,84.3,87.2
CAM017,93.2,99.4
CAM001,67.1,82.7
CAM001,79.8,88.9
CAM021,84.8,86.1
CAM025,84.7,90.5
CAM021,57.9,78.6
CAM001,84.4,86.9
CAM024,89.4,72.0
CAM003,82.7,97.8
CAM019,98.1,77.6
CAM010,74.0,92.5
CAM002,67.4,86.1
CAM018,96.7,99.7
CAM004,71.7,86.8
CAM014,97.4,103.4
CAM001,80.0,96.8
CAM012,72.4,82.7
CAM022,56.2,100.4
CAM004,35.2,89.4
CAM008,106.1,101.4
CAM012,89.2,91.7
CAM012,105.9,78.6
CAM002,71.1,84.6
CAM017,73.5,92.9
CAM014,90.2,98.8
CAM010,69.8,82.8
CAM004,75.8,98.5
CAM012,101.3,81.3
CAM023,85.4,72.9
CAM005,79.4,83.0
CAM005,60.7,97.1
CAM016,80.7,83.9
CAM014,88.9,86.2
CAM003,74.8,92.2
CAM025,68.8,93.2
CAM014,40.7,90.8
CAM020,81.4,80.2
CAM021,90.1,83.8
CAM018,60.7,88.2
CAM018,68.1,86.5
CAM003,65.2,83.4
CAM019,82.3,71.8
CAM008,75.0,81.7
CAM001,85.9,104.8
CAM012,45.1,79.9
CAM004,90.1,91.1
CAM025,82.9,81.2
CAM005,87.0,78.2
CAM014,79.2,104.9
CAM002,77.9,83.5
CAM023,74.1,79.6
CAM001,73.1,79.1
CAM002,71.8,75.3
CAM003,59.4,89.8
CAM006,91.1,89.6
CAM003,78.1,89.4
CAM014,83.2,92.6
CAM024,88.9,96.5
CAM010,56.0,90.7
CAM015,82.2,74.4
CAM010,81.8,90.0
CAM021,100.9,91.0
CAM017,85.5,95.6
CAM014,65.8,71.4
CAM018,75.4,81.2
CAM019,56.0,87.8
CAM014,88.1,85.0
CAM003,39.7,84.7
CAM005,77.4,78.9
CAM002,79.7,93.6
CAM024,96.9,86.2
CAM003,84.4,78.8
CAM011,69.8,80.5
CAM013,90.9,102.0
CAM021,68.1,91.3
CAM004,94.8,93.7
CAM011,89.2,89.3
CAM018,85.6,91.9
CAM001,78.5,80.3
CAM018,87.6,107.8
CAM008,73.4,112.5
CAM019,117.5,95.3
CAM016,89.7,90.2
CAM010,91.1,88.5
CAM010,93.9,85.3
CAM011,78.3,73.5
CAM005,76.1,84.1
CAM014,91.2,81.6
CAM017,80.8,83.2
CAM019,82.5,78.2
CAM002,76.0,93.0
CAM015,95.3,94.0
CAM023,79.1,94.2
CAM022,64.4,75.3
CAM006,94.5,87.6
CAM024,64.8,81.1
CAM025,64.7,101.3
CAM011,73.0,100.2
CAM014,99.4,91.5
CAM022,70.7,92.0
CAM020,50.4,73.9
CAM019,66.6,80.4
CAM001,95.7,102.2
CAM018,94.8,76.1
CAM003,62.6,88.1
CAM006,85.6,85.8
CAM009,66.4,84.1
CAM003,88.4,102.0
CAM009,116.6,85.8
CAM025,92.5,78.9
CAM005,112.7,79.1
CAM016,104.9,92.4
CAM013,61.6,94.8
CAM022,87.2,94.2
CAM020,90.9,85.4
CAM022,64.9,93.1
CAM022,115.2,94.6
CAM002,77.4,81.3
CAM018,105.4,88.9
CAM010,65.1,96.2
CAM003,82.8,106.1
CAM022,91.1,93.6
CAM021,52.8,84.4
CAM004,97.5,95.5
CAM013,79.1,82.0
CAM011,89.8,91.2
CAM020,56.3,89.2
CAM016,89.6,94.5
CAM018,86.8,96.4
CAM021,82.1,99.4
CAM020,78.8,84.8
CAM012,87.5,63.8
CAM007,104.6,94.0
CAM025,73.5,81.5
CAM021,81.5,92.4
CAM009,68.3,92.3
CAM023,64.1,90.8
CAM007,72.8,81.9
CAM002,103.2,98.6
CAM011,89.4,86.3
CAM007,69.5,95.6
CAM016,54.1,84.5
CAM023,49.5,95.7
CAM019,76.5,88.8
CAM020,85.1,101.7
CAM019,68.8,82.7
CAM024,77.0,73.3
CAM011,107.7,89.7
CAM005,65.8,88.0
CAM022,63.9,94.1
CAM001,111.5,86.4
CAM005,64.7,78.4
CAM019,86.0,91.6
CAM007,62.6,93.4
CAM006,70.1,84.3
CAM007,113.7,80.9
CAM019,90.9,85.6
CAM012,107.7,89.9
CAM017,81.0,83.8
CAM016,68.8,80.0
CAM014,62.3,101.6
CAM014,54.4,85.8
CAM004,91.9,83.5
CAM012,86.3,98.8
CAM018,67.5,90.9
CAM022,72.3,79.1
CAM010,68.2,67.7
CAM004,103.3,87.5
CAM004,80.2,88.9
CAM014,96.5,97.1
CAM020,83.8,86.2
CAM015,52.7,87.7
CAM022,74.4,97.1
CAM008,81.0,76.8
CAM004,83.3,97.5
CAM004,63.3,100.9
CAM015,55.8,96.7
CAM023,81.0,79.2
CAM012,81.3,77.5
CAM009,86.0,83.2
CAM014,77.4,87.3
CAM014,81.2,88.4
CAM012,87.1,78.8
CAM024,67.8,83.2
CAM019,88.4,87.7
CAM013,85.1,100.1
CAM002,83.8,76.8
CAM005,90.9,84.7
CAM024,92.0,105.3
CAM017,83.5,93.5
CAM023,83.2,77.9
CAM021,65.6,83.8
CAM025,70.4,83.0
CAM018,84.7,94.7
CAM003,90.5,93.3
CAM021,79.0,82.9
CAM020,69.7,68.5
CAM003,75.1,87.1
CAM024,88.5,95.2
CAM021,79.6,82.3
CAM021,87.4,83.5
CAM018,90.1,75.8
CAM013,80.6,74.9
CAM009,84.8,90.5
CAM001,66.1,79.0
CAM004,102.6,101.2
CAM004,86.9,92.6
CAM006,91.6,93.8
CAM012,86.2,84.8
CAM004,75.1,88.1
CAM003,58.4,89.1
CAM007,72.8,79.9
CAM011,67.8,80.7
CAM006,78.9,89.2
CAM006,67.4,77.3
CAM002,87.5,93.5
CAM012,58.8,89.3
CAM018,95.0,88.3
CAM009,86.2,85.4
CAM001,61.5,85.6
CAM025,94.2,102.8
CAM004,80.8,86.7
CAM005,82.3,102.3
CAM005,76.2,98.3
CAM003,67.7,97.3
CAM010,53.1,91.4
CAM014,63.9,87.3
CAM007,78.0,94.0
CAM023,75.3,96.8
CAM019,83.0,76.5
CAM006,87.5,66.5
CAM016,64.1,92.0
CAM020,77.5,71.4
CAM020,88.7,93.5
CAM007,65.6,84.4
CAM021,84.5,79.1
CAM002,88.3,86.2
CAM014,70.9,104.2
CAM021,94.4,84.6
CAM013,86.7,89.1
CAM011,69.9,90.5
CAM008,96.4,93.8
CAM012,85.5,94.2
CAM001,77.1,89.2
CAM011,82.1,99.4
CAM011,92.5,81.1
CAM013,76.0,94.1
CAM007,87.0,92.4
CAM020,102.0,82.6
CAM022,104.4,96.6
CAM014,71.8,79.2
CAM011,79.4,90.7
CAM016,35.4,88.2
CAM014,89.3,94.7
CAM020,71.6,95.8
CAM019,80.6,88.2
CAM019,108.8,86.5
CAM010,102.8,105.2
CAM002,102.8,75.7
CAM002,76.7,89.4
CAM016,98.8,97.1
CAM024,74.1,95.5
CAM012,63.5,94.7
CAM011,73.7,88.1
CAM010,72.9,78.6
CAM021,85.0,87.1
CAM012,84.0,86.4
CAM008,79.9,88.4
CAM004,105.8,87.3
CAM024,70.1,90.2
CAM007,73.9,71.8
CAM018,110.6,86.6
CAM002,76.5,103.7
CAM004,89.4,90.3
CAM009,68.8,98.9
CAM013,76.9,93.5
CAM005,71.9,85.7
CAM011,93.1,76.5
CAM014,64.4,77.9
CAM017,59.9,86.0
CAM022,66.7,88.5
CAM025,76.8,81.6
CAM009,80.2,73.9
CAM012,51.5,81.4
CAM022,61.4,73.9
CAM023,111.0,99.3
CAM002,82.9,101.0
CAM015,81.8,82.7
CAM004,64.2,101.9
CAM025,50.7,84.9
CAM025,98.7,83.2
CAM021,87.4,96.8
CAM005,80.6,96.4
CAM015,89.3,80.0
CAM025,73.7,90.0
CAM014,84.2,94.6
CAM019,73.3,83.9
CAM004,77.7,81.3
CAM015,79.3,90.0
CAM022,65.2,86.4
CAM004,83.3,86.3
CAM014,81.3,96.8
CAM014,73.4,87.9
CAM009,75.0,90.1
CAM013,76.3,78.6
CAM010,81.2,93.2
CAM009,61.9,86.1
CAM014,81.5,89.8
CAM008,87.5,86.4
CAM002,92.5,80.8
CAM008,83.9,89.7
CAM008,94.1,78.6
CAM013,73.0,90.6
CAM024,87.6,75.7
CAM016,84.8,103.2
CAM012,63.7,77.3
CAM010,77.4,84.0
CAM017,94.3,81.1
CAM024,67.6,106.4
CAM008,88.2,99.9
CAM006,89.5,105.8
CAM005,98.2,84.9
CAM014,73.6,92.9
CAM009,84.3,84.3
CAM025,89.3,78.4
CAM016,64.0,82.8
CAM008,73.8,88.5
CAM001,39.1,76.7
CAM008,69.6,87.1
CAM005,79.0,83.9
CAM024,69.7,97.0
CAM012,88.8,87.6
CAM016,77.7,98.0
CAM012,74.0,95.7
CAM017,82.2,70.5
CAM020,66.9,88.7
CAM017,77.6,86.2
CAM014,90.7,77.6
CAM005,75.8,89.8
CAM019,75.9,63.8
CAM012,79.6,91.7
CAM013,54.6,70.1
CAM021,65.0,70.6
CAM015,106.5,86.5
CAM006,76.0,101.5
CAM011,66.7,93.9
CAM009,76.5,90.4
CAM017,70.1,71.7
CAM004,63.9,92.0
CAM012,69.2,111.1
CAM016,85.1,85.8
CAM022,99.4,107.0
CAM020,70.2,86.1
CAM016,72.0,103.7
CAM001,68.6,89.8
CAM019,89.6,95.3
CAM001,59.4,93.6
CAM001,85.2,89.5
CAM010,81.6,77.6
CAM025,45.8,79.7
CAM023,72.0,117.6
CAM007,49.5,96.3
CAM010,81.1,98.0
CAM012,78.2,101.6
CAM013,45.7,99.0
CAM004,102.6,75.4
CAM020,71.3,98.8
CAM022,96.0,76.6
CAM005,74.2,82.5
CAM005,69.9,91.0
CAM010,93.5,94.0
CAM021,69.4,89.4
CAM014,92.1,94.2
CAM023,65.3,107.4
CAM023,69.8,94.6
CAM015,65.4,92.4
CAM001,80.8,86.9
CAM025,57.3,95.2
CAM020,98.5,79.3
CAM019,70.7,87.6
CAM018,101.2,77.1
CAM002,78.5,79.0
CAM013,70.5,79.2
CAM025,89.0,80.9
CAM002,87.6,91.6
CAM021,92.7,95.5
CAM010,58.3,82.5
CAM002,91.4,96.2
CAM017,77.7,85.0
CAM007,60.1,86.8
CAM016,97.5,102.4
CAM021,85.1,81.9
CAM010,71.7,67.3
CAM016,71.3,83.8
CAM003,97.1,88.0
CAM004,67.5,87.2
CAM004,51.9,90.8
CAM015,53.3,101.0
CAM010,45.1,102.5
CAM008,87.6,78.5
CAM020,66.4,71.8
CAM020,83.6,91.5
CAM001,88.3,103.3
CAM022,79.0,98.8
CAM023,62.8,85.0
CAM010,76.4,92.0
CAM019,57.2,88.6
CAM013,59.1,98.6
CAM015,65.2,92.7
CAM001,76.5,92.5
CAM013,89.9,88.5
CAM021,66.0,77.3
CAM015,107.4,93.2
CAM005,56.0,90.9
CAM009,86.2,88.3
CAM017,88.2,79.6
CAM012,92.0,81.7
CAM017,96.9,93.1
CAM012,68.0,78.4
CAM015,72.7,72.6
CAM009,82.5,75.1
CAM013,102.4,95.2
CAM016,66.7,95.1
CAM022,87.3,100.8
CAM017,80.7,77.2
CAM005,72.0,76.6
CAM019,66.8,98.2
CAM013,81.1,88.9
CAM024,81.4,91.4
CAM004,56.9,88.0
CAM011,80.5,62.7
CAM024,79.9,83.9
CAM006,76.1,79.2
CAM014,82.4,86.5
CAM009,98.4,99.5
CAM003,65.3,91.1
CAM021,95.1,70.8
CAM011,89.9,94.2
CAM005,96.2,87.2
CAM007,83.4,97.9
CAM022,75.9,93.9
CAM006,62.3,92.4
CAM007,80.7,89.0
CAM022,81.0,89.3
CAM005,88.4,82.7
CAM014,52.5,80.5
CAM011,87.0,101.4
CAM024,67.7,79.8
CAM007,63.7,83.6
CAM012,59.4,103.1
CAM005,82.8,78.8
CAM021,74.2,90.4
CAM003,89.8,95.8
CAM004,85.5,92.4
CAM020,75.1,87.5
CAM010,87.4,84.8
CAM023,60.2,102.2
CAM006,83.4,87.3
CAM019,78.9,98.9
CAM020,63.9,88.0
CAM002,49.7,82.6
CAM019,47.3,91.6
CAM009,76.0,86.1
CAM014,77.1,96.1
CAM025,86.8,90.2
CAM024,66.7,101.3
CAM002,78.5,91.5
CAM019,96.0,80.1
CAM025,82.6,80.2
CAM003,96.0,84.2
CAM020,104.4,79.9
CAM016,88.5,85.6
CAM002,91.0,94.4
CAM008,69.3,80.2
CAM010,83.6,70.0
CAM008,82.7,88.4
CAM025,79.8,82.2
CAM020,91.5,77.5
CAM024,94.0,89.2
CAM013,80.1,74.2
CAM014,72.7,77.2
CAM004,50.4,95.3
CAM012,70.3,94.6
CAM002,78.5,91.9
CAM001,81.3,102.8
CAM018,38.9,76.6
CAM001,85.4,83.1
CAM002,84.5,90.2
CAM006,75.5,95.7
CAM020,72.1,82.4
CAM010,87.7,94.6
CAM022,82.0,90.5
CAM009,86.8,85.7
CAM023,76.8,79.6
CAM008,66.9,90.7
CAM012,80.2,80.6
CAM021,79.1,107.0
CAM011,72.7,77.9
CAM002,69.8,95.6
CAM020,72.4,88.3
CAM005,87.2,78.8
CAM010,77.5,81.8
CAM012,74.1,72.3
CAM002,99.5,86.1
CAM021,81.1,65.8
CAM001,74.3,88.0
CAM009,67.9,84.0
CAM003,103.6,94.5
CAM013,50.1,88.5
CAM013,68.6,90.2
CAM013,84.0,96.8
CAM002,76.1,86.1
CAM025,76.1,89.7
CAM020,78.4,79.9
CAM009,84.9,76.8
CAM025,100.2,90.5
CAM020,64.5,91.8
CAM024,99.1,81.5
CAM004,45.4,80.7
CAM022,68.0,114.8
CAM018,60.2,90.7
CAM019,79.3,81.1
CAM013,35.1,93.7
CAM008,79.7,89.2
CAM022,83.6,86.8
CAM008,79.6,80.5
CAM019,62.7,95.7
CAM012,76.8,94.8
CAM021,85.1,76.6
CAM004,70.8,100.4
CAM009,86.7,80.0
CAM001,63.4,91.7
CAM012,51.2,90.2
CAM007,62.5,94.4
CAM003,74.8,100.2
CAM011,92.4,85.2
CAM009,79.1,80.8
CAM016,91.8,97.1
CAM005,92.1,78.5
CAM008,81.0,89.7
CAM022,62.9,87.6
CAM011,99.5,91.7
CAM002,119.5,79.6
CAM009,104.9,89.8
CAM012,73.9,87.3
CAM008,74.7,90.9
CAM015,82.3,90.4
CAM007,71.8,95.7
CAM022,60.7,94.5
CAM010,85.7,94.3
CAM012,70.7,95.9
CAM021,54.4,103.2
CAM010,72.0,84.3
CAM002,76.0,93.0
CAM019,96.9,90.0
CAM011,53.7,86.9
CAM017,82.6,74.1
CAM007,64.6,96.2
CAM022,76.0,79.3
CAM021,82.9,89.7
CAM008,33.1,75.4
CAM021,64.1,85.2
CAM024,98.8,100.8
CAM002,61.9,79.8
CAM017,67.7,90.6
CAM019,75.2,94.5
CAM008,89.7,64.4
CAM008,55.6,92.1
CAM004,72.7,78.9
CAM014,69.6,94.4
CAM017,89.8,91.9
CAM016,65.9,82.0
CAM014,81.3,104.7
CAM005,87.4,85.0
CAM014,68.5,76.2
CAM020,77.3,95.4
CAM011,88.6,94.2
CAM017,96.2,86.8
CAM021,84.8,83.9
CAM006,79.8,86.9
CAM004,57.2,95.5
CAM023,98.9,81.7
CAM005,96.1,75.5
CAM001,62.4,62.6
CAM005,60.9,87.0
CAM013,88.8,83.2
CAM013,74.6,81.7
CAM010,99.9,101.1
CAM011,61.7,81.2
CAM024,100.0,92.1
CAM012,107.3,81.9
CAM021,52.7,93.3
CAM010,79.0,74.0
CAM024,87.7,102.0
CAM017,103.7,97.6
CAM019,60.5,80.6
CAM015,67.1,94.6
CAM017,76.1,80.8
CAM025,87.6,92.3
CAM011,94.1,91.2
CAM017,54.3,79.7
CAM014,75.0,96.6
CAM025,81.4,92.5
CAM024,94.8,78.2
CAM014,59.8,86.6
CAM020,72.9,95.6
CAM006,86.2,92.9
CAM015,79.4,93.4
CAM009,101.4,86.9
CAM008,74.1,83.7
CAM007,62.2,84.5
CAM006,107.8,91.3
CAM018,69.0,86.6
CAM016,79.6,86.2
CAM007,71.2,109.4
CAM014,76.1,77.2
CAM015,76.1,92.2
CAM023,84.2,85.8
CAM014,72.0,88.2
CAM005,100.7,87.4
CAM004,102.8,84.8
CAM024,84.1,74.0
CAM011,85.0,94.8
CAM015,66.6,80.1
CAM025,97.1,94.2
CAM002,48.3,96.5
CAM017,66.9,103.7
CAM022,88.3,77.2
CAM021,70.7,83.2
CAM019,54.1,103.1
CAM022,83.3,97.6
CAM016,86.9,74.5
CAM010,91.4,97.4
CAM003,104.3,82.6
CAM024,81.3,97.4
CAM016,69.0,85.8
CAM006,98.7,91.3
CAM020,64.5,96.1
CAM021,68.0,97.0
CAM006,97.3,76.0
CAM010,70.0,78.9
CAM021,67.7,93.3
CAM016,75.2,94.1
CAM025,79.3,78.6
CAM015,68.6,99.8
CAM004,93.7,108.1
CAM022,94.4,97.1
CAM023,98.1,101.4
CAM016,60.8,79.9
CAM001,73.8,98.4
CAM014,100.3,93.8
CAM009,71.5,79.7
CAM015,68.3,91.2
CAM002,75.4,102.4
CAM011,75.2,85.9
CAM015,62.6,94.3
CAM006,54.3,84.5
CAM004,96.3,84.0
CAM011,90.0,96.1
CAM024,91.6,89.2
CAM025,69.3,68.9
CAM025,78.5,84.8
CAM002,64.8,87.0
CAM007,104.6,86.4
CAM013,84.4,83.0
CAM006,88.6,83.7
CAM007,68.0,85.8
CAM001,80.7,88.4
CAM017,89.3,93.4
CAM016,89.0,89.9
CAM001,81.0,103.4
CAM008,100.8,91.2
CAM013,73.8,84.0
CAM024,97.9,75.5
CAM003,98.0,94.4
CAM025,77.7,86.2
CAM024,87.2,77.3
CAM005,93.4,94.8
CAM013,84.6,99.5
CAM010,81.2,78.8
CAM024,89.1,89.1
CAM007,107.9,101.9
CAM019,66.6,89.3
CAM003,80.5,97.1
CAM009,47.6,90.1
CAM018,64.3,87.6
CAM016,73.2,66.1
CAM025,71.6,86.8
CAM008,75.2,87.1
CAM025,79.5,96.6
CAM019,87.4,92.9
CAM005,92.0,65.2
CAM004,69.1,85.7
CAM016,73.1,85.9
CAM013,66.2,81.2
CAM024,90.6,75.1
CAM002,79.2,81.2
CAM010,76.4,71.0
CAM002,70.2,98.5
CAM014,85.6,82.9
CAM007,78.8,72.0
CAM018,42.6,88.0
CAM008,68.4,100.7
CAM017,56.4,83.0
CAM024,83.8,90.1
CAM023,84.5,90.2
CAM001,90.2,100.7
CAM006,87.2,105.2
CAM004,92.3,90.3
CAM006,66.0,80.2
CAM005,77.9,76.7
CAM013,85.0,88.3
CAM010,72.6,69.8
CAM009,58.8,86.2
CAM012,70.2,85.9
CAM010,68.6,87.1
CAM020,90.9,85.4
CAM020,77.9,98.0
CAM011,98.0,81.6
CAM005,89.4,100.2
CAM016,92.5,88.6
CAM005,34.5,93.3
CAM001,74.6,93.4
CAM023,90.9,93.5
CAM004,92.6,91.8
CAM006,96.2,93.2
CAM008,76.7,89.3
CAM007,74.0,104.5
CAM014,67.7,84.1
CAM020,81.5,67.1
CAM018,58.1,84.6
CAM003,72.5,85.7
CAM007,76.0,94.9
CAM004,89.9,95.8
CAM021,79.3,80.0
CAM025,89.5,78.2
CAM024,92.4,78.3
CAM016,78.3,88.6
CAM008,84.1,87.7
CAM020,83.1,92.3
CAM001,64.8,105.1
CAM002,94.6,100.4
CAM014,71.6,81.1
CAM017,78.7,81.3
CAM013,68.1,94.2
CAM016,61.6,101.6
CAM011,49.5,84.4
CAM007,110.5,82.0
CAM009,71.6,71.3
CAM018,57.9,93.0
CAM009,70.9,77.4
CAM014,72.9,83.4
CAM012,92.8,75.8
CAM012,76.7,81.8
CAM018,100.5,73.8
CAM007,71.5,91.8
CAM024,87.2,87.8
CAM012,76.5,87.8
CAM010,63.4,105.4
CAM009,75.7,88.0
CAM009,89.0,89.5
CAM016,40.9,105.7
CAM023,77.6,100.6
CAM019,90.4,71.9
CAM016,97.8,87.8
CAM016,88.7,101.3
CAM021,78.1,71.7
CAM002,64.8,97.1
CAM023,91.1,100.1
CAM005,101.0,96.5
CAM004,96.7,92.4
CAM002,67.1,104.4
CAM009,87.1,87.4
CAM020,77.0,79.9
CAM022,85.1,81.6
CAM023,97.9,111.0
CAM024,93.9,84.3
CAM022,56.1,97.8
CAM022,86.5,90.2
CAM025,55.4,87.9
CAM003,80.0,90.4
CAM020,83.3,98.1
CAM006,60.2,75.0
CAM001,71.3,98.7
CAM004,68.1,97.8
CAM023,105.7,98.7
CAM003,82.5,90.6
CAM024,88.5,92.1
CAM021,101.3,84.7
CAM001,80.7,96.5
CAM003,102.0,73.0
CAM010,88.5,77.0
CAM007,77.6,73.3
CAM010,98.7,92.6
CAM006,74.7,99.4
CAM014,79.4,93.7
CAM007,83.2,94.7
CAM023,72.3,89.5
CAM012,66.6,84.0
CAM021,51.9,85.6
CAM022,79.9,85.9
CAM019,64.9,95.4
CAM007,92.9,87.6
CAM021,87.3,73.1
CAM007,57.8,107.8
CAM018,90.0,74.0
CAM003,68.4,87.5
CAM007,74.5,88.5
CAM004,58.3,86.6
CAM016,89.9,97.2
CAM012,59.1,82.9
CAM002,75.1,91.8
CAM012,79.2,87.2
CAM014,65.5,89.3
CAM004,83.1,95.8
CAM006,69.2,89.2
CAM001,60.0,92.7
CAM019,64.7,83.6
CAM013,67.7,89.1
CAM024,69.1,93.8
CAM022,74.7,89.5
CAM008,80.5,68.7
CAM017,89.5,93.9
CAM009,91.6,85.4
CAM001,82.3,92.7
CAM010,105.5,72.7
CAM017,89.9,110.9
CAM025,91.2,98.2
CAM002,89.8,86.6
CAM025,86.1,94.4
CAM013,78.3,88.3
CAM005,80.6,93.3
CAM010,87.0,91.2
CAM007,57.3,93.6
CAM005,67.2,72.0
CAM012,86.2,88.2
CAM004,57.0,90.5
CAM023,81.7,97.9
CAM013,88.7,75.7
CAM025,90.0,83.6
CAM011,78.6,83.2
CAM025,72.7,94.5
CAM022,76.2,78.6
CAM013,65.4,86.2
CAM022,76.9,76.1
CAM008,84.6,84.3
CAM008,69.3,94.0
CAM001,60.0,78.4
CAM003,73.3,84.1
CAM007,89.4,90.1
CAM003,67.1,99.1
CAM014,85.1,94.3
CAM022,79.6,85.8
CAM014,84.0,96.2
CAM017,85.9,79.3
CAM003,65.1,100.0
CAM021,94.4,75.7
CAM001,81.9,92.0
CAM017,66.5,94.6
CAM016,66.2,77.0
CAM014,79.6,80.4
CAM009,77.7,83.5
CAM015,53.6,87.8
CAM023,69.2,97.6
CAM012,84.7,91.6
CAM014,64.5,86.2
CAM022,79.4,88.5
CAM023,70.2,84.8
CAM020,75.8,78.2
CAM002,74.1,88.6
CAM016,73.7,88.7
CAM020,73.8,81.7
CAM011,67.2,74.3
CAM001,69.5,86.5
CAM012,64.8,92.9
CAM010,65.6,78.9
CAM012,76.0,77.0
CAM013,78.1,91.8
CAM004,83.5,91.6
CAM016,67.8,91.0
CAM015,74.1,81.8
CAM024,85.8,77.4
CAM002,90.0,92.0
CAM005,60.6,78.8
CAM004,49.1,105.0
CAM003,67.6,98.9
CAM010,75.4,88.9
CAM024,77.1,101.1
CAM003,85.7,79.8
CAM004,82.9,76.7
CAM010,65.0,80.6
CAM008,76.5,85.3
CAM019,54.7,90.6
CAM014,74.7,101.6
CAM006,74.5,101.2
CAM020,70.9,91.4
CAM010,76.0,97.1
CAM001,82.1,75.1
CAM009,76.0,100.1
CAM021,73.9,93.8
CAM001,75.5,81.8
CAM020,72.8,101.8
CAM015,61.1,81.3
CAM011,62.6,85.4
CAM018,90.7,88.6
CAM012,81.5,83.4
CAM024,60.7,88.1
CAM006,73.0,81.9
CAM002,68.3,78.1
CAM003,65.8,79.5
CAM012,98.1,95.5
CAM017,70.1,93.5
CAM011,63.0,91.0
CAM005,72.0,84.2
CAM012,64.7,84.3
CAM025,115.3,91.6
CAM018,76.4,60.8
CAM013,84.5,85.7
CAM020,84.8,86.5
CAM013,86.6,115.5
CAM019,71.1,105.5
CAM025,81.9,73.6
CAM013,65.6,85.4
CAM007,61.5,94.0
CAM011,80.5,75.4
CAM022,104.6,72.9
CAM025,67.2,80.0
CAM018,56.4,99.2
CAM016,78.5,80.6
CAM015,93.7,103.3
CAM013,73.9,98.8
CAM011,79.7,74.9
CAM022,89.5,83.1
CAM021,65.3,92.6
CAM007,65.3,78.5
CAM005,65.2,81.2
CAM003,59.6,79.4
CAM001,73.2,94.1
CAM019,63.0,78.3
CAM012,96.8,89.7
CAM021,65.1,94.9
CAM007,82.9,83.7
CAM012,76.3,81.4
CAM016,107.1,80.2
CAM011,81.4,90.4
CAM001,82.2,97.6
CAM008,71.9,79.1
CAM008,88.9,64.9
CAM017,62.1,75.4
CAM011,99.3,73.8
CAM008,43.1,93.4
CAM001,77.8,74.4
CAM014,108.9,66.0
CAM013,91.1,92.0
CAM009,90.9,80.5
CAM023,81.4,75.2
CAM018,74.7,78.6
CAM024,101.8,94.0
CAM024,79.6,79.5
CAM023,95.7,82.4
CAM015,71.5,90.0
CAM005,91.5,75.6
CAM019,78.2,83.6
CAM006,64.3,97.8
CAM005,99.3,79.7
CAM007,76.9,96.0
CAM023,104.8,96.7
CAM016,78.4,72.9
CAM011,73.7,97.4
CAM015,72.3,76.9
CAM020,85.5,89.1
CAM017,75.6,94.2
CAM012,57.6,82.5
CAM010,85.7,86.2
CAM021,70.5,101.4
CAM022,71.6,102.3
CAM023,91.2,96.9
CAM013,77.5,94.5
CAM007,71.1,85.5
CAM001,76.7,102.4
CAM024,89.6,80.1
CAM016,71.7,84.3
CAM012,66.5,78.6
CAM017,72.7,96.0
CAM016,61.1,73.4
CAM016,91.5,105.1
CAM001,75.5,85.1
CAM008,74.4,94.0
CAM009,60.5,78.8
CAM004,70.3,81.2
CAM015,59.9,82.6
CAM001,92.5,73.3
CAM017,96.5,79.2
CAM012,70.8,80.2
CAM004,93.9,84.8
CAM009,61.6,84.3
CAM024,72.5,87.1
CAM002,61.9,91.6
CAM008,77.1,102.7
CAM023,103.5,81.1
CAM008,72.3,78.8
CAM002,88.9,87.1
CAM009,85.6,91.2
CAM003,84.2,85.3
CAM010,87.3,90.4
CAM019,79.2,77.8
CAM004,54.2,84.4
CAM011,79.4,84.6
CAM016,82.3,90.5
CAM007,93.1,95.1
CAM020,59.9,88.9
CAM019,50.5,96.3
CAM024,96.4,77.8
CAM007,61.1,81.2
CAM025,77.6,88.1
CAM025,68.7,91.9
CAM021,85.4,97.6
CAM017,73.8,100.7
CAM009,85.1,83.0
CAM009,70.7,78.4
CAM021,42.2,97.1
CAM006,65.8,88.6
CAM017,69.8,89.0
CAM003,79.4,74.6
CAM004,91.5,83.6
CAM021,68.0,72.6
CAM007,82.3,73.0
CAM007,73.8,95.2
CAM025,71.6,87.2
CAM010,86.6,85.3
CAM022,82.6,92.3
CAM025,71.2,91.4
CAM006,71.7,84.6
CAM017,98.2,86.5
CAM014,80.1,81.0
CAM009,50.9,91.1
CAM010,69.8,93.6
CAM024,63.9,99.8
CAM015,71.6,98.8
CAM025,57.4,95.6
CAM013,91.5,91.1
CAM021,91.0,65.0
CAM025,74.1,104.4
CAM007,83.7,101.8
CAM010,79.5,86.3
CAM014,81.2,80.3
CAM018,76.3,72.0
CAM020,50.4,87.7
CAM004,85.4,90.4
CAM024,55.8,89.8
CAM016,110.4,81.5
CAM025,66.5,76.4
CAM023,66.7,88.6
CAM020,73.8,86.4
CAM002,70.8,82.4
CAM012,67.4,90.8
CAM016,93.5,99.2
CAM011,100.5,85.9
CAM005,91.1,79.4
CAM019,79.9,91.7
CAM008,69.7,98.0
CAM022,76.8,99.1
CAM010,75.1,83.4
CAM025,100.4,94.5
CAM023,75.6,65.5
CAM012,90.6,82.5
CAM007,84.3,97.3
CAM015,72.0,92.6
CAM023,76.9,100.2
CAM001,90.8,98.0
CAM014,65.1,94.3
CAM002,80.4,85.2
CAM017,65.3,96.3
CAM002,105.5,83.4
CAM011,82.1,77.9
CAM019,75.4,90.9
CAM003,43.3,78.3
CAM025,84.3,91.4
CAM017,81.4,84.8
CAM015,44.0,69.9
CAM025,97.0,94.1
CAM009,49.3,92.0
CAM024,85.2,94.6
CAM006,70.4,81.4
CAM017,82.5,73.5
CAM014,88.9,82.2
CAM010,104.3,88.7
CAM001,90.3,88.4
CAM005,77.4,94.4
CAM022,79.9,77.0
CAM021,65.8,74.7
CAM019,104.4,79.4
CAM023,83.4,84.2
CAM025,85.2,94.2
CAM004,96.7,90.0
CAM002,81.2,77.0
CAM003,72.3,94.9
CAM008,72.9,82.9
CAM006,68.1,91.3
CAM007,78.5,85.9
CAM015,102.4,103.3
CAM001,56.3,93.1
CAM024,79.1,90.8
CAM015,70.3,91.6
CAM013,71.9,85.5
CAM006,59.6,87.5
CAM017,95.0,98.5
CAM004,99.4,82.6
CAM012,78.0,80.1
CAM007,79.5,91.8
CAM017,71.2,93.3
CAM004,80.4,87.4
CAM013,82.7,79.4
CAM004,57.3,105.2
CAM003,53.1,95.0
CAM010,80.8,101.9
CAM021,69.4,81.0
CAM016,114.0,90.3
CAM024,70.6,81.6
CAM005,83.0,83.4
CAM001,83.7,91.8
CAM023,74.1,88.5
CAM020,87.1,70.9
CAM022,72.8,100.0
CAM006,70.4,90.7
CAM017,100.5,84.8
CAM022,90.0,104.8
CAM004,78.8,85.8
CAM007,71.2,99.8
CAM009,75.6,86.5
CAM001,63.6,104.4
CAM002,77.3,83.0
CAM014,91.0,90.5
CAM020,76.5,82.6
CAM004,107.7,89.8
CAM003,73.5,89.6
CAM016,63.9,90.1
CAM018,52.3,94.5
CAM021,93.9,88.0
CAM009,92.2,97.5
CAM012,98.0,84.4
CAM004,55.0,90.1
CAM019,81.3,94.0
CAM005,80.7,83.3
CAM022,83.4,90.0
CAM013,74.1,100.2
CAM008,79.3,93.7
CAM022,71.0,101.4
CAM015,69.7,78.5
CAM019,89.0,87.5
CAM005,71.6,95.7
CAM005,49.3,77.9
CAM002,77.7,71.9
CAM021,86.9,89.8
CAM006,97.8,89.1
CAM008,84.5,94.8
CAM019,50.6,90.1
CAM007,60.2,76.0
CAM019,41.6,103.8
CAM015,65.3,80.2
CAM004,77.4,74.9
CAM017,89.3,84.2
CAM006,77.2,104.3
CAM016,80.1,78.2
CAM004,71.7,80.8
CAM017,76.0,103.7
CAM014,55.3,69.9
CAM005,109.5,101.7
CAM004,94.1,97.7
CAM005,86.4,82.5
CAM014,46.7,81.0
CAM017,88.7,103.2
CAM017,87.1,104.2
CAM008,79.5,82.1
CAM024,66.5,97.7
CAM005,62.1,83.7
CAM002,82.1,79.9
CAM008,61.4,59.1
CAM006,73.5,90.9
CAM006,59.7,74.6
CAM008,90.9,75.5
CAM005,44.3,82.3
CAM014,85.1,82.3
CAM013,69.3,106.5
CAM014,90.4,81.7
CAM005,75.9,80.5
CAM003,77.9,99.5
CAM010,83.8,102.1
CAM020,82.7,87.2
CAM014,88.2,96.0
CAM006,80.3,71.7
CAM008,71.6,91.3
CAM014,70.9,91.7
CAM012,110.5,97.9
CAM009,87.0,95.0
CAM024,75.8,66.4
CAM005,80.1,92.8
CAM009,78.1,86.7
CAM004,61.1,86.6
CAM025,67.1,80.7
CAM022,53.9,94.3
CAM018,77.3,78.1
CAM003,95.1,77.7
CAM024,71.9,94.0
CAM002,56.3,100.8
CAM004,67.7,81.2
CAM006,93.3,78.3
CAM016,78.5,81.6
CAM004,97.3,95.7
CAM020,84.9,83.0
CAM022,56.2,88.5
CAM014,60.4,94.1
CAM025,73.8,102.2
CAM009,94.5,80.7
CAM011,54.7,96.3
CAM012,83.6,90.1
CAM016,78.7,98.5
CAM019,67.9,90.9
CAM025,85.5,78.8
CAM020,85.1,80.5
CAM017,92.3,78.3
CAM002,63.0,80.8
CAM021,95.6,84.6
CAM004,88.1,86.6
CAM019,63.8,70.8
CAM014,86.9,74.9
CAM002,63.8,101.0
CAM015,62.7,83.1
CAM013,85.6,76.3
CAM025,50.2,96.2
CAM007,75.2,87.2
CAM011,103.6,99.8
CAM001,74.4,70.6
CAM009,64.6,98.6
CAM012,88.4,86.9
CAM015,80.6,80.2
CAM023,88.9,87.6
CAM006,84.1,102.9
CAM018,64.3,76.1
CAM025,63.1,101.5
CAM016,85.8,81.6
CAM020,53.4,84.1
CAM008,73.1,95.0
CAM024,90.0,92.9
CAM020,69.0,88.1
CAM013,86.2,104.9
CAM016,63.0,101.1
CAM012,79.1,65.2
CAM011,87.0,88.6
CAM010,96.3,80.4
CAM018,72.9,99.0
CAM006,60.7,96.3
CAM007,96.4,95.9
CAM022,69.0,92.0
CAM023,71.0,95.1
CAM005,83.8,86.0
CAM024,89.5,70.7
CAM010,49.8,72.4
CAM011,93.1,88.0
CAM002,78.2,93.2
CAM009,87.8,89.1
CAM023,88.4,87.3
CAM008,54.2,94.0
CAM005,88.4,88.5
CAM001,88.1,79.9
CAM015,62.8,93.8
CAM019,81.2,93.4
CAM017,60.8,81.8
CAM013,77.6,73.9
CAM012,81.6,81.4
CAM012,57.0,103.4
CAM008,72.4,95.7
CAM023,96.4,101.3
CAM023,78.3,99.2
CAM005,103.7,99.5
CAM017,73.5,77.2
CAM004,84.7,76.5
CAM024,65.4,99.4
CAM018,82.3,82.2
CAM009,73.9,86.7
CAM020,60.7,92.6
CAM003,86.2,86.4
CAM018,58.8,92.2
CAM012,56.3,90.1
CAM003,75.9,85.0
CAM024,76.3,94.8
CAM024,96.6,90.1
CAM014,68.5,67.4
CAM013,81.3,97.6
CAM018,74.1,80.7
CAM008,52.1,80.2
CAM014,88.8,96.8
CAM022,54.2,78.7
CAM020,100.2,92.9
CAM019,106.1,104.9
CAM020,91.3,91.6
CAM006,76.8,81.2
CAM020,84.3,61.1
CAM006,109.6,91.8
CAM024,82.4,90.7
CAM013,47.5,78.2
CAM013,82.6,79.7
CAM016,86.3,94.3
CAM004,74.7,93.2
CAM014,89.9,80.7
CAM006,77.4,94.0
CAM012,97.7,86.9
CAM011,72.1,89.2
CAM009,97.0,89.6
CAM018,90.6,91.2
CAM006,118.6,88.3
CAM001,91.8,88.3
CAM001,83.6,76.9
CAM012,100.2,70.6
CAM007,67.2,80.0
CAM018,80.5,96.1
CAM022,94.2,81.6
CAM019,84.7,96.7
CAM025,81.5,92.6
CAM015,81.9,88.5
CAM018,97.0,77.7
CAM004,82.3,80.7
CAM010,94.5,96.5
CAM019,48.1,85.8
CAM016,80.8,92.9
CAM020,106.9,77.8
CAM022,64.7,85.3
CAM015,97.5,83.4
CAM003,71.0,95.3
CAM008,93.8,85.4
CAM013,82.7,88.8
CAM016,89.5,69.7
CAM023,78.5,76.0
CAM017,95.2,95.1
CAM017,57.9,82.6
CAM017,64.1,95.0
CAM007,76.5,92.8
CAM025,88.8,108.5
CAM014,66.8,93.0
CAM016,84.5,88.6
CAM018,64.2,88.9
CAM016,102.0,87.3
CAM025,76.1,85.2
CAM002,80.3,91.6
CAM019,77.8,76.3
CAM006,63.5,76.6
CAM018,114.0,92.1
CAM013,91.7,109.5
CAM002,87.5,75.8
CAM014,76.8,77.1
CAM006,56.9,87.3
CAM002,83.4,85.8
CAM006,95.2,79.1
CAM003,74.3,77.7
CAM019,76.4,86.8
CAM013,83.8,101.2
CAM010,88.4,88.2
CAM011,119.1,85.4
CAM008,59.5,100.4
CAM002,88.5,98.1
CAM020,63.8,71.8
CAM014,68.7,75.2
CAM021,65.8,107.9
CAM021,77.1,80.8
CAM023,104.0,89.1
CAM013,72.7,107.1
CAM025,59.1,88.9
CAM021,76.6,85.5
CAM025,58.4,92.2
CAM008,84.2,89.9
CAM006,91.2,82.0
CAM006,69.8,86.7
CAM024,77.1,101.6
CAM023,64.1,94.7
CAM010,84.7,82.5
CAM025,97.1,99.4
CAM007,94.9,84.5
CAM016,83.1,98.4
CAM002,71.4,88.8
CAM008,91.5,90.1
CAM003,80.0,71.7
CAM008,65.6,91.4
CAM024,89.8,97.5
CAM002,69.4,78.9
CAM007,80.6,73.6
CAM002,47.0,78.8
CAM011,84.8,82.7
CAM006,72.5,92.9
CAM021,90.8,91.1
CAM010,68.0,87.8
CAM021,85.0,100.4
CAM015,92.9,89.5
CAM008,68.7,83.6
CAM006,100.4,106.2
CAM002,81.9,90.1
CAM017,59.0,85.3
CAM006,76.0,80.2
CAM002,82.1,91.3
CAM008,79.2,88.0
CAM002,87.3,73.8
CAM004,92.8,76.1
CAM002,72.9,86.6
CAM021,85.1,78.8
CAM019,71.0,82.2
CAM020,54.7,100.9
CAM008,70.1,76.7
CAM012,97.8,86.4
CAM016,85.1,85.5
CAM018,85.2,83.6
CAM010,72.4,83.8
CAM013,106.9,87.9
CAM012,77.1,78.5
CAM010,87.6,95.9
CAM023,97.9,75.9
CAM013,91.9,96.9
CAM007,91.7,84.6
CAM014,63.1,90.4
CAM013,65.6,89.9
CAM022,59.9,96.6
CAM007,78.6,102.2
CAM019,87.7,105.2
CAM022,80.8,79.6
CAM015,55.3,83.4
CAM014,69.5,93.5
CAM013,82.2,91.3
CAM021,49.0,93.8
CAM025,87.9,81.2
CAM007,81.6,99.2
CAM006,60.3,70.2
CAM014,84.4,96.8
CAM023,82.9,99.2
CAM006,74.6,102.7
CAM019,80.4,75.2
CAM019,79.8,82.1
CAM014,73.7,94.2
CAM024,100.1,103.2
CAM011,59.7,78.2
CAM017,75.4,69.7
CAM022,82.2,89.9
CAM001,105.8,89.0
CAM002,75.0,91.4
CAM012,80.3,92.9
CAM007,76.2,91.1
CAM020,93.6,81.6
CAM015,56.4,90.2
CAM010,69.7,103.3
CAM006,84.5,85.0
CAM014,100.6,101.4
CAM014,87.7,97.6
CAM016,74.5,81.0
CAM008,98.4,86.0
CAM005,83.3,85.8
CAM002,87.0,94.6
CAM013,54.4,90.2
CAM019,68.2,72.6
CAM015,70.4,85.1
CAM001,111.3,84.0
CAM019,70.9,94.8
CAM003,82.0,85.8
CAM005,63.0,78.5
CAM005,103.1,101.5
CAM022,84.5,100.1
CAM010,69.8,66.7
CAM003,53.5,108.4
CAM016,107.3,89.9
CAM014,91.3,87.6
CAM009,82.0,94.8
CAM017,80.5,86.9
CAM011,81.8,86.4
CAM008,74.7,81.3
CAM014,72.2,94.1
CAM025,66.6,77.0
CAM011,71.0,86.5
CAM020,96.2,88.8
CAM010,55.8,101.3
CAM013,61.5,97.0
CAM009,73.9,80.3
CAM017,92.9,75.5
CAM014,76.0,83.4
CAM012,74.6,76.8
CAM016,76.8,91.7
CAM015,83.1,86.1
CAM022,101.8,78.7
CAM004,85.3,88.7
CAM025,82.3,90.2
CAM012,94.7,92.7
CAM008,83.0,70.3
CAM001,74.2,73.5
CAM011,91.3,78.9
CAM005,46.5,76.4
CAM015,69.5,82.1
CAM022,83.6,90.8
CAM023,98.2,103.4
CAM003,86.8,101.2
CAM003,102.8,88.4
CAM008,83.5,101.9
CAM013,70.6,98.0
CAM016,87.0,75.1
CAM016,70.9,84.4
CAM010,75.8,76.0
CAM002,62.4,91.8
CAM003,82.2,93.3
CAM005,91.2,79.8
CAM007,71.3,74.7
CAM003,88.3,104.2
CAM025,86.3,87.7
CAM021,84.0,81.5
CAM014,66.5,87.7
CAM014,77.9,96.3
CAM008,58.0,85.5
CAM022,77.8,103.1
CAM003,93.1,92.0
CAM024,99.8,93.6
CAM014,98.9,95.4
CAM023,41.7,96.2
CAM022,93.9,94.3
CAM012,71.9,76.4
CAM003,57.5,81.9
CAM011,56.0,92.5
CAM016,69.9,93.5
CAM016,57.6,119.1
CAM007,79.2,93.5
CAM023,68.6,96.0
CAM015,66.8,102.3
CAM013,48.8,92.4
CAM015,91.2,100.1
CAM013,75.3,89.0
CAM005,81.3,79.4
CAM021,85.9,94.9
CAM014,83.3,75.2
CAM006,97.7,105.7
CAM007,89.5,93.0
CAM005,76.8,93.9
CAM016,68.7,92.8
CAM018,76.4,93.8
CAM020,75.5,78.5
CAM006,57.3,89.1
CAM012,83.1,87.2
CAM011,72.8,76.2
CAM005,81.1,109.5
CAM007,76.0,88.7
CAM010,69.4,82.0
CAM010,72.0,79.3
CAM004,64.0,81.6
CAM011,74.0,71.9
CAM005,52.6,105.5
CAM003,91.4,89.0
CAM008,81.1,95.7
CAM008,103.5,77.6
CAM021,110.4,75.8
CAM009,60.7,84.0
CAM011,68.4,69.6
CAM011,81.6,76.5
CAM008,73.0,76.1
CAM008,62.3,88.7
CAM001,66.8,105.1
CAM013,78.0,75.4
CAM003,62.7,86.2
CAM024,76.5,97.8
CAM025,86.4,102.5
CAM023,94.9,101.7
CAM002,68.2,89.1
CAM001,65.8,102.9
CAM016,55.3,82.0
CAM011,65.9,88.8
CAM018,85.9,103.6
CAM007,96.2,84.8
CAM004,76.6,91.1
CAM007,61.6,86.4
CAM008,81.7,78.9
CAM001,75.2,93.8
CAM010,98.1,90.1
CAM025,66.2,92.1
CAM025,84.7,85.3
CAM021,72.0,91.6
CAM015,78.4,83.7
CAM009,69.1,89.6
CAM020,70.0,89.6
CAM005,76.9,89.5
CAM002,90.0,79.6
CAM012,94.6,101.2
CAM013,59.3,84.1
CAM021,74.1,93.0
CAM020,79.9,86.0
CAM010,67.4,101.5
CAM002,81.5,86.0
CAM023,74.3,77.7
CAM003,82.1,91.2
CAM006,87.5,85.6
CAM025,69.6,94.5
CAM003,58.1,95.8
CAM016,73.9,89.9
CAM014,69.2,81.0
CAM005,72.2,86.8
CAM007,71.4,89.4
CAM009,78.7,91.0
CAM022,73.7,87.0
CAM023,78.6,90.6
CAM008,79.8,66.0
CAM005,65.6,88.0
CAM025,68.7,81.2
CAM017,79.6,77.6
CAM022,74.8,78.9
CAM003,96.1,91.0
CAM007,80.1,98.4
CAM012,72.5,76.7
CAM012,51.7,87.0
CAM013,82.0,98.9
CAM021,77.6,80.7
CAM018,68.2,94.3
CAM007,78.3,81.1
CAM007,72.9,94.2
CAM004,69.0,80.0
CAM015,61.8,80.1
CAM017,79.2,82.0
CAM004,102.4,92.2
CAM024,86.7,85.5
CAM025,57.0,81.6
CAM023,64.6,71.3
CAM010,75.0,90.3
CAM021,81.7,106.8
CAM009,78.6,89.9
CAM001,79.9,93.6
CAM011,87.2,109.0
CAM013,75.1,78.2
CAM013,71.2,84.8
CAM016,59.3,89.5
CAM022,84.6,82.7
CAM020,78.3,88.1
CAM001,57.8,75.9
CAM009,88.8,84.7
CAM013,73.2,65.3
CAM004,87.2,90.1
CAM007,100.7,85.3
CAM012,90.9,92.3
CAM001,76.9,90.3
CAM004,74.5,94.7
CAM007,92.5,96.8
CAM022,85.7,70.1
CAM016,81.1,91.9
CAM024,80.7,106.1
CAM019,74.2,81.2
CAM001,73.3,78.2
CAM024,74.5,82.1
CAM013,76.5,86.0
CAM016,63.7,92.1
CAM006,96.1,86.0
CAM002,58.4,69.0
CAM009,72.4,74.1
CAM007,79.0,86.1
CAM009,86.8,86.7
CAM023,77.2,88.2
CAM021,95.3,91.2
CAM014,57.7,82.9
CAM008,73.0,73.5
CAM010,65.6,97.2
CAM015,85.5,77.8
CAM012,70.7,80.7
CAM018,66.1,86.0
CAM021,73.1,92.6
CAM013,50.2,106.6
CAM025,71.2,103.9
CAM025,94.1,79.4
CAM014,68.5,95.4
CAM020,77.8,92.9
CAM012,68.6,80.2
CAM018,83.4,83.9
CAM002,60.6,104.8
CAM021,85.8,94.5
CAM021,82.1,83.4
CAM019,94.5,100.7
CAM007,84.4,79.9
CAM014,109.3,69.3
